name,age,street,city,state,zip,lng,lat
Kenneth Fox,64,544 Pennington Rue,Reidborough,Montana,84524,3.542905,-77.459931
Manuel Thomas,71,4970 Cohen Corners Suite 547,Port Christopher,Missouri,91862,39.586249,47.431586
Chelsea Washington,30,423 Smith Underpass,Contrerasberg,Hawaii,38361,177.914475,25.7692985
William Morrow,18,548 Espinoza Junction Suite 661,Henryberg,Mississippi,58454,-85.322147,63.3437465
Steven Gray,35,3638 Valdez Vista,Zacharyton,Idaho,26321,115.555973,-47.966601
Jill Pierce,40,5039 Nancy Meadow Suite 293,West Chad,Texas,49093,-36.981994,53.114286
Alyssa Martinez,24,2830 Casey Plains Apt. 704,New Priscillaborough,Kentucky,65419,65.093987,52.078618
Daniel Hoover,80,0345 Jessica Village,Campbellbury,Wyoming,91654,-98.399438,45.726290
Robert Moore,36,0335 Scott Pine Suite 101,Benitezstad,West Virginia,02225,71.295841,-23.213174
Marissa Estrada,65,874 Gary Street,Port Paulport,Indiana,96427,109.059663,48.535804
Keith Hamilton,59,09509 Hensley Pass,New Angela,Georgia,11372,-33.193278,68.4389335
John Morse,68,53705 Shannon Locks Suite 577,Shellymouth,Alaska,46124,12.206995,38.7965945
Ryan Hill,41,7421 Thomas Row,Juarezton,Maryland,58596,133.547260,25.998569
Chelsey Turner,36,3729 Debra Avenue,Lake Crystal,Iowa,99440,-32.097221,-23.341963
Eric Hamilton,66,88025 Bautista Throughway,Crosshaven,Ohio,33086,-167.876524,-53.692761
Veronica Wilkins,44,06225 Joshua Trail Apt. 889,Erinbury,Colorado,41040,138.332084,-36.0733155
Jennifer Patel,43,784 Herrera Mountain,Lake Anthony,Wyoming,17477,167.566742,-79.727862
Marc Skinner,40,3695 Katherine Path Suite 361,South Paulport,Oklahoma,57224,-178.954034,-16.3430485
Sarah Rodriguez,46,221 Ana Neck,East Michaelburgh,South Dakota,38459,-151.834654,11.1223985
Erin Turner,29,94945 Kara Neck Suite 933,New Joelberg,Indiana,65026,-158.390239,-86.886941
Ryan Miller,69,9257 Beltran Streets Suite 174,Janetbury,Maine,30198,126.261288,-78.679306
Stephanie Michael MD,42,66851 Lopez Road Apt. 744,Lake Alyssaville,Arkansas,86062,-73.234429,18.0632415
Nicole Yoder,54,5666 Terry Crossroad,New Lauraland,Wyoming,27453,-37.872821,-37.714166
Cheryl Ramirez,67,771 Oneal Throughway Suite 842,Smithtown,Georgia,81860,106.829254,23.132525
Rachel Smith,37,572 Diana Fords Apt. 686,East Pamelamouth,Washington,74594,34.310719,-56.451311
Robert Garcia,27,2861 Johnson Bridge Apt. 694,Raymondbury,Nebraska,67387,-55.655788,-50.4307305
Thomas Warren,51,104 Johnson Hollow,Lindseyhaven,Texas,82067,-4.488328,-45.331051
Christina Thompson,44,201 Stacey Stream Suite 449,Webertown,Maine,79678,6.445435,-45.105427
Daniel Russell,68,16753 Morrow Villages Apt. 197,Marissamouth,Missouri,41338,-55.567434,-41.241249
Rebecca Lopez,21,8048 Robert Garden Apt. 553,Carolborough,Arizona,98711,-70.260958,-79.254094
Peter Hodges,68,21395 Alexa Locks Apt. 635,South Brandonberg,Maryland,39160,-147.541184,-76.523419
Dillon Farley,33,529 Vincent Drives Suite 909,New Jennyton,New Hampshire,33451,48.178568,-8.999693
Jason Jackson,59,319 Moore Locks Suite 564,Livingstonton,Ohio,21314,178.948856,-63.791627
Frances Castillo,42,770 Krueger Gateway,East Brian,Massachusetts,91558,-116.539990,76.943291
Justin Hunter,56,43535 Thomas Road Apt. 115,Lake Cassidy,Utah,41685,51.627833,9.8284945
Kayla Brown,35,41594 Ronald Forest,Miguelborough,Maryland,30383,-33.223619,-14.439267
Krista Miller,46,51980 Lisa Knolls Suite 240,Dixonberg,New Jersey,90413,41.426657,24.0852115
Glenn Hernandez,51,774 Green Mission,West Travis,Delaware,02454,98.225226,22.2754985
Jacqueline Watson,67,570 Michael Isle Suite 945,Lake Judy,Nebraska,19631,-87.834337,21.8143835
Melissa Smith,73,5231 Freeman Islands Suite 179,West Michaelmouth,Texas,50473,-123.426806,-64.0314315
John Christensen,50,19747 James Coves,East Felicia,New Mexico,71752,172.982239,-89.181778
Mark Holland,25,49239 Hodges Locks Apt. 500,Isabelport,Georgia,12369,-43.819743,-69.4444135
Lori Hernandez,41,405 Barry Camp,Lake Christy,Maine,91936,-0.338821,35.709405
Joseph Cooper,19,5320 Nathan Extensions,Port Kimberlyshire,Alaska,24101,-54.586610,-62.1437255
Jacqueline Diaz,57,817 Martin Extensions,West Anthonymouth,Nebraska,50599,-1.104030,-20.0651055
Andrea Bishop,30,853 Melinda Lock Suite 424,West Jessica,Minnesota,30113,179.474725,79.927591
Mike Wells,69,077 Bradshaw Union Apt. 721,Samanthaside,Michigan,19694,-101.606909,-1.109998
Beverly Copeland,41,57930 Tyler Unions,Onealtown,Wyoming,45834,-127.494061,-19.864335
Steven Robertson,74,814 Day Causeway,Jessicaborough,Tennessee,40137,-120.039553,44.2610155
Jacob Turner,67,1127 Kidd Garden Suite 646,West Sarah,South Dakota,37104,-150.979064,-1.758965
Kevin Lambert,19,0823 Harvey Walk Apt. 239,New Daniel,Oklahoma,60595,160.957408,80.236972
April Fowler,44,102 Mckenzie Ferry,Kariland,New Mexico,91257,110.446970,14.9132195
Alexander Mullins,53,37571 Kyle Throughway Suite 172,Hunterside,Massachusetts,50029,164.882025,21.961391
Caitlin Middleton,80,38202 Merritt Mall Suite 348,North Yvetteview,Louisiana,41409,-8.613696,-33.934470
Mr. Keith Glenn,80,90156 Carol Estate,Morenoborough,South Dakota,55510,-27.166660,-60.246103
Lisa Sanchez,62,30481 Lam Crescent Apt. 121,East Jonathanchester,Illinois,58210,-177.927407,-49.6165185
David Reed,27,632 Janice Freeway,Lake Christopherchester,Idaho,41182,37.152347,36.7366425
Leah Higgins,26,533 Hayes Mall,Millerton,Rhode Island,87759,73.708259,-71.8667765
Cristina Valdez,28,3047 Baldwin Street Apt. 232,Lake Alexander,Maine,70759,-48.486473,6.0305255
Michael Bridges,71,7503 Finley Spring,South Christina,Minnesota,40177,92.554118,7.892869
Hunter Richards,31,7959 Gallagher Field Apt. 451,Kevinville,Alaska,11700,58.880953,-13.052893
Jennifer Wise,19,5915 Stephanie Highway Suite 748,Rodriguezport,New York,22628,-135.382536,50.5774065
Kathryn Johnson,54,7561 Margaret Lake,South Alicia,Minnesota,00976,-109.362735,67.8756165
Adam Combs,70,3350 Fields Park,Whitetown,Nebraska,71498,-22.754297,-52.8118915
Paula Odonnell,48,9788 Fisher Hollow Apt. 071,Lake Beverly,Ohio,29384,-118.839899,17.156945
Benjamin Ellis,66,0533 Wanda Brook,Lake Ryan,Alabama,38797,-177.932079,37.647615
Julie Curtis,46,4829 Mann Curve Suite 914,South Patricialand,North Carolina,86270,146.731865,-28.4680365
Kaitlyn Fischer,31,720 Thompson Underpass,Montgomeryshire,Ohio,22187,-30.652951,9.4416845
Kelly Strickland,53,43350 Castillo Unions,Lake Jennifer,Utah,53782,-104.291673,-69.696371
Casey Hopkins,41,256 Williams Ranch Suite 653,North Cynthia,New Mexico,38766,-4.067859,29.0959775
Mikayla Ortiz,77,1052 Kimberly Burg,Kristyhaven,New York,06521,-123.131767,89.1055865
Anthony Fox,64,499 Denise Forks,Jesseburgh,South Carolina,19699,19.277117,-81.8746605
Jimmy Jackson,62,35275 Jacob Club Apt. 361,New Debra,Virginia,14160,-92.880382,-29.6598885
Michael Castaneda,45,97418 Simpson Ford Suite 918,Villaside,New Hampshire,66517,-170.379558,37.451599
Todd Burke,23,31067 Dalton Hollow,Lake Josephborough,Vermont,40309,36.139693,18.9391995
Andrea Hill,54,140 Kim Unions,South Davidland,Nebraska,94794,-78.758129,-20.5918615
Elizabeth Delgado,68,4581 Butler Cliff,Lloydville,Wisconsin,02003,-42.587310,28.2983405
Keith Holder,56,08321 Brown Fords,Sheppardstad,Alaska,46816,-19.688526,50.5270405
Robert Sweeney,19,0039 Danny Locks Apt. 408,Kimberlyborough,Vermont,85345,-100.439137,-45.160544
Katie Kramer,36,22040 Taylor Plaza,North Holly,Wisconsin,99813,161.905501,-10.961080
Renee Washington,52,92290 Katherine Land,Toniside,Washington,83749,126.417005,87.3324135
Rachel Riddle,75,06662 Grant Place,Sanchezville,South Carolina,92670,162.750113,80.704841
Ashley Hall,49,8693 Nguyen Grove,Williamsport,Tennessee,77348,42.183478,1.0948605
Judy Molina,49,276 Sampson Locks Apt. 913,North Anthonymouth,Tennessee,01612,5.452206,19.361055
Jamie Conley,53,5208 Williams Freeway,Walterston,Florida,46978,-79.537135,-2.501415
Jeffery Brooks,51,8078 Jimmy Flat Apt. 800,Port Thomasfurt,Connecticut,15269,-94.622159,4.647763
Andrea Fernandez,48,80302 Berry Isle,West Katherineville,Pennsylvania,31664,-179.124078,53.636177
Shawna Brennan,27,82449 Jenny Prairie,Luisstad,Florida,33745,149.866008,20.188748
Laurie Gilmore,65,59549 Renee Roads,Antoniobury,Missouri,51589,154.348001,-65.492404
Brett Cardenas,73,417 Mccullough Cove Apt. 219,Lake Nancy,Arizona,32843,-121.884155,64.502378
Samuel Allen DVM,55,312 Villanueva Junction,Lake Stephenland,Vermont,39444,-119.568569,6.224033
Mary Wheeler,54,2231 Jennifer Well,Kristenshire,Wyoming,32296,-89.375071,-59.9429945
Sherri Powell,65,76535 Keith Fort Apt. 499,New Johnnychester,Mississippi,99938,98.544823,49.293325
Brittany Lee,42,71075 David Highway Apt. 922,South Melissaside,Ohio,93281,-84.363258,24.886483
Tara Schmitt,72,393 Chris Forest Apt. 867,Ruizmouth,Massachusetts,27862,128.939390,-80.410441
Timothy Owens,67,411 Moore Lodge,West Patriciafurt,Massachusetts,80179,-133.234867,-0.4182705
Tiffany Rodriguez,27,598 Anthony Skyway Suite 679,Juanton,Utah,91667,127.952569,68.247961
John Clark,72,738 Katherine Ridges Suite 246,West William,Maine,68971,5.561845,72.0947205
Greg Shaw,44,3227 Robert Parkway Apt. 941,Rodriguezchester,California,52214,84.067140,37.5560935
Jacob Estrada,53,68476 Russell Plains Apt. 676,Zamoramouth,Oregon,67179,6.937718,-7.737827
Catherine Adams,45,7764 Howell Canyon,Raymondport,North Carolina,76075,156.664790,-69.692348
Martin Edwards,29,85256 Theresa River,South Susan,Illinois,32373,38.292851,35.101957
Cynthia Rodriguez,52,9349 Sara Stravenue Suite 267,East Richardmouth,Wyoming,43373,-33.981187,81.8008515
Timothy Mclaughlin,57,67236 Gregory Pine,South Marilynland,New York,49186,-8.141282,-65.1986155
John Waters,32,236 Teresa Springs,Maddoxstad,Arkansas,39567,-16.265771,55.726135
Tiffany Roth,41,92442 Johnson Passage,Copelandfurt,Louisiana,98124,80.839526,-69.052003
Richard Williams,40,4360 Rice Divide Suite 639,Clarkbury,New York,25681,77.759899,81.759010
Francis Smith,53,91633 Megan Fords Suite 218,Wardside,Utah,46277,97.901015,-64.5798965
Gregory Rogers,78,9073 Eric Garden Suite 698,North Kevin,Minnesota,85818,-163.805128,63.869759
Emily Payne,80,61627 Andrea Turnpike,Martintown,New Mexico,34768,-152.819827,88.560766
Robert Wilson,50,882 Garrett Oval Suite 362,Crystalhaven,Kansas,52561,-129.165916,-87.284823
Joshua Thompson,66,91175 Alexandria Flat Suite 371,South Markshire,Kentucky,11155,39.839697,55.6529705
William Dudley,45,1301 Nichols Valleys Apt. 890,Port Heather,Alaska,11837,-92.960975,-22.5133035
Erin Wong,42,441 Little Forges,North Frances,Virginia,89849,-59.856682,-13.112709
James Hopkins,69,72155 Sarah Parks,Derekmouth,Oklahoma,36408,-115.818269,-4.4999685
Brian Wyatt,41,094 Cynthia Park,West Heather,Montana,23062,-79.835577,-15.991990
Sandra Bird,21,81314 Jacob Fields Suite 150,West John,New York,12322,-121.643394,-8.0909055
Jacqueline Avery,69,6971 Wilson Passage Suite 416,West Shelby,Indiana,31105,15.208797,39.3557245
Stephanie Matthews,18,512 Murray Glen Suite 352,Charleston,Georgia,32136,35.163586,58.873375
Thomas Deleon,40,61421 Ellen Coves,Port Joelview,Kansas,97404,35.739268,-4.334869
Michael Howell,57,593 Tiffany Locks Suite 477,Reedstad,Maine,80641,165.388760,51.854273
Yolanda Robinson,29,01366 King Trail Apt. 597,Lake William,South Dakota,82166,-152.377561,-73.4105235
Karen Strickland,50,8023 Linda Flat Apt. 613,Lisamouth,Michigan,46936,157.883005,22.9338875
Timothy Nelson,34,868 Miles Camp,Mariashire,Rhode Island,85497,-122.441061,17.416520
Kimberly Reid,38,546 Patricia Estates Suite 417,East Jackson,Utah,85849,-133.289285,84.288217
Steven Evans,45,0120 Wright Roads Suite 691,Diazbury,Kentucky,26815,-37.108019,-85.659111
Alan Crawford,56,71910 Cameron Forest Suite 617,East Nathan,Kansas,98608,102.152789,1.3196565
Mallory Dawson,71,603 Peter Alley Apt. 209,Port Dominiqueport,Virginia,14599,17.393704,19.2461285
Tamara Casey,39,5706 David Forges,Montoyaborough,Illinois,06914,0.067042,-13.332380
Peter Evans,69,1148 Fuentes Stream,Port Johnhaven,Maine,69794,139.406529,84.654970
Cameron Edwards,33,18213 Hernandez Mall Suite 485,Lake Kimberly,South Carolina,18025,151.883467,29.4413765
Daryl Woods,44,013 Kevin Drive,Kanemouth,California,09516,104.997834,52.459602
Gregory Edwards,23,684 Courtney Roads,Jenniferfurt,New Mexico,25870,-143.971366,5.4038535
Stacey Bolton,21,18075 Harris Springs Apt. 936,Hayesmouth,Alabama,26032,176.127655,61.979094
Michael Williams,23,71499 Michelle Plains Apt. 485,New Marioville,Oklahoma,81015,-115.550958,82.542302
James Williams,52,32581 Johnson Plaza,Jeffreyview,Florida,33599,-85.094743,50.3816695
Shannon Johnson,76,676 Horton Springs Apt. 355,East Tiffany,New Hampshire,66022,15.744649,-87.944489
Brittany Pope,30,66947 Tammy Extension Suite 912,North Rebeccafurt,Wyoming,62305,-167.026370,-76.111624
Adam Page,25,5829 White Views,Port Jennifer,Wisconsin,55368,65.285581,28.8197485
Michelle Riley,51,0589 Darrell Point,Port Jonathan,Rhode Island,37938,-114.587469,-70.341135
Martha Yu,61,35587 John Mountain Apt. 230,Torreston,Wyoming,21805,-1.823267,-73.3128475
Joyce Dixon,37,79243 Steele Keys,New Clinton,Vermont,71366,-92.996837,39.011226
Brianna Tran,54,9158 Daniel Forks,East Samanthashire,Arizona,64076,-164.520047,-89.557976
Craig Paul,28,6788 Gary Inlet Suite 537,New Bonnie,South Carolina,76057,-76.798836,15.967233
Alexander Perez,54,4319 Smith Gateway,East Joan,Maryland,87550,9.728286,45.8601215
Katelyn Wright,66,137 Adam Mountains Suite 140,West Rogerchester,Montana,59870,-105.014847,8.7554415
Christopher Smith,60,30803 John Harbors,Anneport,Louisiana,56075,-9.049317,-13.147625
Monica Daniels,72,49947 Jacob Station,Deborahview,Minnesota,56205,90.947272,-54.475943
Ashley Taylor,80,13892 Perez Isle,East Amanda,Mississippi,08081,21.585166,37.026976
Heather Lawrence,25,81220 Scott Courts Apt. 768,West Cathytown,Colorado,32505,-7.456150,-79.981101
Kathleen Stewart DDS,45,95484 Wood Stravenue Suite 697,Lake Brandyburgh,Colorado,53747,165.910611,-14.3458705
Austin Wilson DDS,33,05439 Carter Island Suite 704,North Gary,Illinois,56167,-117.038888,73.423973
Richard Dalton,47,343 Carla Plains Suite 280,Port Laura,New Hampshire,87159,-106.844943,12.990517
Jacob Stevenson,74,461 White Parks,Adamstad,New Hampshire,64676,-2.223535,72.216633
Vanessa Adams,38,4696 Bruce Fields,Nelsonshire,Minnesota,29393,151.266155,-7.5467945
Kelsey Brown,73,631 Kyle Rapids,East Patricktown,Delaware,41371,-83.260309,84.739328
Robert Mills,45,306 Karla Station,West Ashleyfort,Maryland,29362,113.760692,52.7254485
Eric Collier,55,504 Sarah Plaza Suite 782,North Leahfurt,Nevada,64733,-112.097923,42.608076
Frank Levine,29,539 Jefferson Vista Suite 387,Jonestown,Tennessee,03924,122.613763,15.0462235
Kevin Figueroa,75,787 Andrew Rue,Stephaniefort,Kansas,29523,142.528297,-0.2832435
Gabriela King,26,03417 Todd Plaza Suite 457,East Joseph,North Carolina,43107,60.602173,-12.298586
Yolanda Clark,69,187 Robert Forest,Watkinsmouth,Tennessee,09308,155.370790,11.5355135
Jennifer Munoz,36,27983 Antonio Throughway,West Jake,Virginia,77060,-2.489429,77.1399115
Raven Reynolds,33,95495 Matthew Extensions,Amandaburgh,Maine,23635,-83.748429,62.0645415
Jacob Webb,25,87944 Tammy Way Apt. 258,West Ryanland,Indiana,38591,-71.157710,15.3738345
Susan Gonzalez,33,9494 Morton Park,Lake Charles,Alaska,32908,-121.777297,-35.7958755
Kathryn Lewis,71,04385 Jeffrey Lodge Apt. 736,West Natashahaven,New York,14919,167.133714,42.9441785
Jennifer Booker,37,591 Ryan Prairie Suite 447,Dominiquetown,Ohio,89676,-82.911165,77.957387
Jennifer Parker,51,3280 Gonzalez Streets,North Julie,North Carolina,46700,-71.331210,-64.9840125
Julia Ramos,55,434 Anthony Drive Suite 937,Hollychester,Oregon,95325,12.010500,-21.382014
Jacob Brown,41,4831 Tammie Light,North Taylor,Pennsylvania,94533,13.703969,-1.2605215
Geoffrey Benton,37,092 Pham Brooks,West Joshuaton,Kansas,90572,113.696951,-27.431960
Phyllis Reyes,39,49820 Gabrielle Parks,Michellefort,California,19946,-127.357731,-26.7300845
Mrs. Linda Page,75,297 Rodriguez Burg Suite 372,South Sherrichester,Pennsylvania,95990,-139.544861,-86.5735405
Lawrence Morgan,68,272 Brewer Motorway,Lake Jennifer,Maine,07325,47.860435,56.0963755
Gregory Hill,38,590 Murphy Gateway Suite 499,Michaelchester,Oklahoma,23876,94.119199,-12.9779045
Ashley Brown,35,3203 Justin Drives Suite 792,New Matthew,Colorado,05628,-133.384838,-62.8843145
Jade Bean,30,38485 Cardenas Route,Port Amymouth,New York,93061,63.512466,-89.3870625
Paul Clayton,42,0297 Anthony Inlet Suite 460,East Jacqueline,Oregon,65265,0.759691,-32.7998305
Colleen Gilmore,28,395 Hubbard Oval Suite 349,Morganburgh,Michigan,99606,8.644792,-77.775732
Mallory Anderson,43,238 Jimenez Terrace,Jonport,Oklahoma,18325,-94.593028,-44.6558435
Jack Smith,52,25498 Steven Circles,Davidstad,New Mexico,54630,-4.017911,76.9676745
Maria Case,57,46770 Laura Valleys Apt. 305,Williamsmouth,Hawaii,19290,-97.876150,19.809536
Michael Richardson,22,161 Robert Terrace,South Ryanberg,Pennsylvania,50113,-35.087588,36.4261885
Mark Smith,71,9758 Johnny Drive,Aaronside,Oklahoma,89059,-24.560177,-58.2742855
Jill Perez,19,32125 Andrew Estate Suite 648,Lake Sandymouth,North Dakota,46183,-166.428742,-69.7047815
Michael Roy,18,28131 Bartlett Springs Suite 596,Lake Davidstad,Kansas,71259,21.308044,-34.9082235
Susan Gray,23,7302 Aguilar Bypass,Haleton,Washington,70928,-123.657801,1.0195945
Melanie Harmon,48,887 Anthony Cape Apt. 822,East Gregorymouth,Oregon,40998,70.904887,20.2286795
Becky Williams,23,51112 Summers Throughway,Brandonhaven,Arkansas,91843,122.532132,30.5328215
Kimberly Fuller,48,689 Rodriguez Row Suite 850,East Loristad,Texas,25201,-139.603385,-74.346418
Cynthia Moore,33,492 Dana Ranch,Sandersbury,New York,49967,10.191978,3.996853
Becky Palmer,39,99169 Morris Station,Rossview,Vermont,43644,143.877245,13.8842365
Laurie Henson,73,77343 Arnold Streets Suite 278,Kingmouth,Nebraska,73954,89.769179,-53.8821775
Hannah Jackson,53,946 Maria Ramp,Vasquezmouth,Arkansas,76087,114.491021,-25.274477
Keith Gonzalez,41,8878 Patricia Motorway,Dennisberg,Missouri,88659,138.117001,-58.8285015
Leslie Jones,44,87643 Bobby Motorway Suite 307,West Davidmouth,Maryland,92244,160.775365,-24.6368065
Jeffrey Martinez,44,633 Andrews Shore Suite 540,Morganstad,Utah,32718,-91.330636,49.325905
Matthew Hester,74,1742 Richards Groves,Kurtburgh,Rhode Island,79597,-90.272803,-84.0214985
Jennifer Lewis,78,6849 Barbara Flats,Jeffreyside,West Virginia,87866,-35.530184,14.0292575
Richard Dalton,53,589 Anna Coves Suite 063,Port Jeffreymouth,Ohio,96522,-136.841795,82.401602
Brenda Alvarado,27,26729 Tanya Mountain Suite 392,North Kayla,Georgia,82859,84.358549,-52.1472965
Jason Shelton,65,72838 Wilson Shore Apt. 433,Abigailport,Montana,49005,-126.478744,-61.1053555
Robin Powers,18,863 Curtis Streets,Barbaraburgh,Illinois,01213,97.852215,27.1015795
Laurie Henderson,47,556 Ricardo Extensions,North Jeremiahhaven,Alaska,84018,166.435598,28.856701
Cory Matthews,65,5844 Edwards Common,Clarkmouth,Delaware,64860,-43.591309,73.753392
Victoria Richardson,71,394 Ballard Squares Suite 795,East Laurie,North Dakota,89914,68.266075,-72.7480345
Lauren Steele,69,39555 Smith Shores Suite 091,North Steven,Georgia,77184,-105.851209,37.512271
John Jensen,38,5014 Cole Route Suite 092,Rodriguezport,Indiana,20101,-130.654299,-0.250488
Eric Sloan,80,248 Carolyn Spurs,South Dustinhaven,Utah,57164,-109.309694,-38.1734475
Christopher Silva Jr.,19,511 Alex Trail Apt. 634,Kyleburgh,Pennsylvania,04752,-74.989384,68.933825
Ryan Mcgee,29,50487 Judy Mill Suite 854,Leahborough,Arkansas,26140,21.363915,-13.559964
Shirley Maldonado,62,48483 Melody Bypass,North Robert,Connecticut,54701,-121.766094,70.2551285
Cynthia Turner,78,14374 Amber View Apt. 027,Ingrammouth,Pennsylvania,23153,-46.808547,70.6064035
Jason Rodriguez,30,80435 Frank Mill Suite 748,Rachelhaven,Pennsylvania,22455,108.780320,-65.3813355
Jeffrey King,58,3005 Carlos Shoal Apt. 532,Ashleytown,Ohio,23896,20.413000,12.298728
Nicholas Collins,77,98450 Timothy Shore Suite 916,Janicehaven,Ohio,91381,-122.653664,-62.292816
Troy Bishop,41,4762 Kaitlyn Port Suite 340,South Markchester,Michigan,36037,-37.957860,78.0004705
Dr. Jessica Stafford,27,285 Raymond Loop Apt. 064,Port Teresahaven,Alaska,20832,-158.787360,-72.593003
Richard Barker,59,5469 Weiss Island,Taylorview,South Dakota,34429,79.440268,-21.8177135
Francisco Cole,59,771 Ballard Lake,South Rhonda,New Hampshire,25648,-22.679939,-40.2993725
Jessica Brown,24,5272 Jocelyn Hills,West William,Alaska,47459,173.275598,-58.708021
Elizabeth Simpson,48,377 Adams Street,New Sabrina,Mississippi,43797,169.297041,6.1868235
Dustin Stephens,76,19403 Jackson Motorway Suite 792,Sarahmouth,Virginia,96530,-75.753206,65.2242215
Jesse Jackson,21,9642 Gonzalez Vista,West Amandashire,Alabama,52241,109.768968,30.5974145
Monica Coleman,38,0662 Smith Neck,Lake Eric,Utah,05919,-117.899220,-40.9981895
Catherine Fowler,67,7553 Ryan Motorway,South Robert,Minnesota,95939,4.890031,-38.4099705
Amanda Wallace,39,20397 Patricia Bridge,Matthewside,Virginia,19879,-111.266468,-82.368060
Dean Hampton,75,26131 Michael Way,East Sarahberg,Pennsylvania,01738,158.833097,-87.969902
Mario Reed,48,37868 Jacqueline Road,Edwardshaven,Maine,93905,-169.960040,-14.3570545
Jeremy Stout,49,49411 Terri Road,Conwaymouth,Pennsylvania,84672,-143.809327,29.4626395
Donald Bishop,24,0487 Brittany Valley Apt. 125,North Dianeview,Alaska,76201,83.393304,54.6161775
Bryan Lopez,79,1698 Teresa Forks,Lake Gregoryport,Delaware,20341,146.788047,-68.9574535
Erica Griffin,48,140 Nicholas Pines,South Katherine,Maine,19676,34.313117,-39.0697225
Erica Crawford,24,39264 Mcdowell Parks Suite 623,West Angela,Wisconsin,02195,-102.120911,13.9300235
Joseph Garcia,78,40918 Alvarez Burgs,Jamesview,Virginia,70025,75.231533,70.408923
Sandra Wall,35,808 Brenda Junctions,Seanborough,Iowa,41186,-129.328401,-47.4865675
Paula Shepard,25,55695 Dennis Plains,North Derekstad,Texas,11036,-177.400027,81.5936975
Nicole Pruitt,64,2903 Klein Divide,North Brettview,Ohio,58789,35.522686,10.8362235
Tina Herring,23,857 Martin Plain,Christophermouth,Iowa,57604,-98.462060,41.215492
Dr. Christopher Logan,64,80174 Jenkins River Suite 160,Moraport,Vermont,62925,-91.512092,5.670449
Gwendolyn Scott,23,62994 Steven Land,Garychester,Oklahoma,07208,143.094217,-56.7769745
Wayne Harris,76,1844 Christopher Junctions,Camposstad,Delaware,01014,50.110193,-56.8915155
Lori Davis,36,88206 Moore Park,Port Abigailstad,Tennessee,19259,-174.291527,61.090988
Andrew Gonzalez,26,56071 Elizabeth Skyway Suite 927,Waltonport,Tennessee,12675,-7.162167,-76.9637975
Brittany Hamilton,53,244 Jones Radial,Lake Angelaburgh,South Dakota,12084,43.166063,42.4433135
Angie Morrow,28,56870 Skinner Lakes,Williamborough,Delaware,43558,124.432515,60.9126395
Mary Hart,79,055 Quinn Roads Apt. 301,North Teresaton,Florida,65864,15.887757,-75.0957745
Jeffrey Brown,38,3886 Victor River Suite 440,South Evanshire,Nebraska,93077,48.695370,78.1141355
Lisa Barnett,37,11852 Katherine Spurs,Jenningsport,Kansas,33015,-174.420905,64.8176175
Deborah Hamilton,59,0634 Christopher Rest,New Brian,Idaho,13758,-15.131279,73.4437905
Patrick Solis,51,7778 Courtney Circle Suite 997,West Lindaville,Wyoming,92543,22.271622,53.647889
James Benson,46,59977 Nelson Fords,North Brandonhaven,Colorado,53786,46.999757,68.8886855
Melissa Myers,64,3570 Craig Harbors,Troybury,Iowa,97302,-22.433050,86.570469
Donald Parks,21,6641 Murphy Skyway,Lake Katherine,Texas,81387,-163.286087,-67.7012225
Andrew Mcfarland,77,12725 Dalton Viaduct,Ballberg,Florida,38218,-137.186847,66.342787
Mason Preston,36,4555 Jane Canyon,Johnsonhaven,Arizona,45881,-89.022958,-47.3967295
Allen Walsh,37,732 Philip Square,New Christopher,Massachusetts,84149,-179.711285,3.7529655
Lawrence Solomon,46,687 Gregory Trail Suite 791,North Maureenside,Montana,24940,-179.116481,77.5721935
Kyle Dunn,70,123 Daniel Lock Apt. 676,East Luis,Kansas,53107,-13.450437,34.0320895
Tracy Hunter,25,945 Manning Parkways,Port Robertville,Montana,18589,157.377832,18.082250
Noah Snyder,53,370 Horn Mountains,Jacobland,Maryland,68623,-30.696901,-84.9981385
Jeffrey Wright,74,9536 Richardson Shoal,Austinchester,Nebraska,82954,-177.630871,-54.801285
Dominique Bird,30,1562 Rachael Island Suite 813,Kenttown,Massachusetts,02741,-37.235647,-53.0635295
Robert Thomas,67,361 Perez Pine Suite 290,New Rachael,Illinois,75437,163.249915,23.8918385
Denise Holland,64,44404 Michelle Forest Suite 595,New Vicki,Rhode Island,29109,175.047997,16.7744685
Kyle Myers MD,73,8705 Thomas Mount Apt. 663,New Brian,South Dakota,92460,-88.219569,68.170258
Pamela Burton,18,325 James Fields Apt. 410,Haleymouth,South Dakota,47395,-111.147390,77.9878635
Susan Sosa,37,14988 Griffith Oval,East Shanehaven,California,27924,91.179574,-77.4724015
Robert Ross,43,2575 Sanchez Spurs Apt. 532,Davidton,Ohio,01521,104.454034,49.0435015
Joseph Ashley,58,00825 Caroline Extensions Suite 109,South Davidton,Wyoming,56163,11.585864,-76.7097995
Ernest Garrett,64,999 Daugherty Spurs,Sheilatown,West Virginia,21483,-100.137984,36.5523615
Alex Smith,34,34654 Austin Parkways,Virginiashire,Arizona,86394,5.245055,-25.9595875
Robert Gallegos,22,4903 Warren Forge Apt. 217,North Dannyton,Iowa,04088,161.120408,27.146705
Anthony Steele,76,33777 Frey Points Suite 838,Williamsville,Missouri,43298,76.832068,60.2062705
Maria Aguilar,34,12681 Melanie Knoll Apt. 413,Flemingmouth,Nebraska,79452,-134.012494,-13.3352505
Randall Roman,28,9148 Tyler Prairie,Port Lisafort,Alaska,99165,-64.844854,28.9165535
Kylie Alexander,77,692 Lori Ports Suite 418,New Christina,Nebraska,23160,2.945966,45.9975445
Jacob Heath,35,1930 Ryan Route,Nixonfort,Alabama,92190,-68.079543,-84.273206
David Rogers,34,46585 Hernandez Tunnel,Stephanietown,New York,62133,-66.227448,-44.1883715
Amber Lewis,29,8369 Lee Turnpike,Port Kyleside,Oregon,75157,-30.918266,-63.848526
Jimmy Porter,38,965 Pineda Gateway,New Dennismouth,Wisconsin,49524,6.105298,11.0802275
Timothy Robertson,52,9675 Lee Plain Apt. 368,Tinabury,Michigan,88880,-130.197171,43.0593485
Adam Kennedy,39,118 Brianna Dale,Elizabethville,New Hampshire,17265,-143.816240,-60.490519
Brian Daniels,78,823 Cooper Heights,South Faith,Nevada,82355,-44.819461,-58.827369
Amy King,78,52706 Morgan View,Port Shelbychester,Georgia,81322,-93.707543,-60.7797105
Anthony Moody,69,146 Jonathan Fork Apt. 931,North Jamieville,Michigan,83557,166.883314,79.834612
Christine Moran,77,491 Miller Extensions,East Robert,Oregon,00520,-175.128916,31.073847
Donna Camacho,64,921 Barker Turnpike Apt. 475,New Kristinchester,Texas,56532,170.033626,74.4418125
Hannah Phillips,68,6040 Arnold Wall,Mcdonaldside,Utah,39637,-123.965915,49.1884015
Veronica Miller,35,171 Pedro Throughway Suite 119,Jamesmouth,Massachusetts,74695,-84.904956,37.7367325
Nicole Morrison,76,41631 White Motorway Suite 128,Simshaven,Massachusetts,58504,45.023184,-37.4052005
Marvin Hansen,66,5489 Elizabeth Spur,Oneillfort,Nevada,89136,-51.228836,30.770177
David Lewis,38,7905 Simon Heights,Kristenview,Maryland,70304,164.857375,68.1668355
Samuel Hernandez,47,47405 Johnny Trail Apt. 130,West Shawn,Arkansas,79338,32.989911,78.979944
Jacqueline Rowland,24,159 Benjamin Mews,South Staceyfurt,Louisiana,04643,5.279070,48.183498
Ashley Bradshaw,27,280 Michael Spur,Brownbury,Missouri,68549,-145.668801,-51.2625835
Rebecca Boone,31,3893 Felicia Radial,Lake Karenberg,Alaska,57099,-96.852274,-9.055155
Russell Lee,56,9086 Kelsey Mews,Bettyborough,Pennsylvania,07776,-10.324772,14.7950925
Andrew Rivas,42,0155 Jenna Pass Suite 335,Lake Jacquelineton,California,81760,152.470640,86.811607
Raymond Valdez,37,6116 Sexton Ford Apt. 736,Rachelstad,North Carolina,54234,178.122415,-9.853435
Terrence Dominguez,75,62401 Johnson Dam,North Benjaminshire,Arizona,75371,43.789639,20.9162355
Charles Scott,27,7388 Daniel Common,Palmermouth,Ohio,47379,179.416951,-78.6399175
James Espinoza,78,021 Margaret Mall Apt. 681,Tateton,Nebraska,28929,-156.974825,-33.7520145
Lauren Jones,66,5497 Kevin Keys Suite 627,Port Nicholasmouth,Tennessee,90647,-173.475594,-47.0165875
Dawn Martin,58,5443 Michelle Knoll Suite 899,Dustinchester,North Carolina,14296,55.140974,62.537295
Xavier Savage,25,6422 Hall Avenue Apt. 987,South Patricia,Alaska,02478,-147.510399,31.361309
Todd Griffith,52,9384 Cassie River Apt. 307,Mccannfurt,Hawaii,37390,7.367925,34.3208685
Jamie Lee,43,8449 Jennifer Valleys,Port Michael,Indiana,13930,92.480049,-50.683170
Brian Martinez,42,92262 John Rapids,West Darius,Alaska,10187,-32.137312,-80.830192
Rodney Miller,61,20232 Moore Plains,West Timothy,Missouri,76533,-42.074002,-20.986518
Sean Smith,37,382 Melissa Lights,West Heather,Indiana,06566,-32.101895,-43.9983015
Loretta Hansen MD,61,0845 Peters Curve,Lake Anthony,South Dakota,15987,119.060357,13.7418435
Shelley Oconnor,60,567 Angela Highway Suite 073,Larryfort,Hawaii,09019,128.070085,-83.0572985
Thomas Navarro,63,185 Charles Haven Suite 250,North Christinaborough,Alabama,57184,-124.948851,72.382456
Amber James,78,19016 Mary Radial Apt. 073,Yvonnetown,Idaho,67563,122.218149,37.590582
Tyler Powers,56,7074 Melissa Tunnel,North Cody,West Virginia,25057,-16.507587,-23.783669
Derrick Beltran,20,8405 Tim Locks,East Christianbury,Delaware,15163,-52.803631,84.7019875
Terry Brown,33,43636 Lee Meadow Apt. 224,Stephaniemouth,Alabama,01416,-109.988999,54.039402
Sean Delgado,32,30102 Hayes Spring,North Luisstad,Alabama,36108,24.470628,48.217020
Mr. Joshua Krueger,68,272 Vasquez Knolls,Ramirezville,Rhode Island,47686,20.898510,73.2358165
Candice Short,32,4723 Lisa Station Suite 857,Christyhaven,Minnesota,95489,-164.819843,-65.745532
Miss Alyssa Richmond,69,825 Roy Neck Apt. 050,East Kimberly,New Jersey,24313,-98.104548,-53.5673475
Brandon Wilson,79,2952 Jeremy Fort,New Deanna,Texas,97979,16.063817,-49.6086165
Patrick Garcia,39,50982 Perez Prairie Apt. 532,West William,Washington,54128,-19.969557,14.752422
Cody Patrick,25,5632 Dudley Course Apt. 480,West Joshua,South Carolina,55632,-157.742401,-47.923485
Amanda Smith,46,21842 Sullivan Burg Apt. 694,Morrishaven,Arizona,17953,-158.584893,41.0705705
Kayla Johnson,73,9354 Johnson Place,Guerreroberg,Arkansas,16393,24.055963,-56.3170885
Kylie Smith,43,3348 Randy Valley Apt. 206,Davidsonfurt,New Hampshire,54921,8.746225,-3.320463
Luis Rivera,77,159 Monica Court,Lake Mathew,Georgia,71673,119.932253,4.4044585
Robert May,46,4172 Emily Crossroad Apt. 367,New Randallhaven,South Dakota,05428,91.127900,35.0659535
Terry Elliott,49,5862 Wise Trail Suite 513,New Oliviatown,Wisconsin,91626,113.642631,49.4736785
Brian Walker,26,996 Morton Pine Suite 694,Kristyborough,North Dakota,02974,113.139853,-22.3662665
Maria Adams,29,93944 Ross Mission,Nathanland,Colorado,36477,80.754634,-88.605871
Michelle George,33,155 Jensen Harbor Apt. 809,Mcleanhaven,Colorado,84836,-82.460109,-69.289923
Mike Hamilton,63,30552 Lisa Hills,Port Brittany,Iowa,85562,44.367617,1.579720
Lee Ray,26,91681 Dawson Crossroad,Laurenton,Connecticut,88304,-98.478981,-60.8300845
Lisa Harvey,49,06571 Tyler Rest Apt. 244,New Heather,New Jersey,16843,17.524821,42.223975
Tiffany Mitchell,42,2540 Walker Key Suite 874,West Daniel,Tennessee,62363,-165.779704,25.088236
Rebecca Zhang,56,8470 Eric Courts Apt. 743,East Jessica,Idaho,64835,77.651728,-11.921549
Erica Anderson,52,35205 Becky Bypass Suite 939,Port Johnland,Wisconsin,50570,140.712787,76.825204
Lynn Bell,69,662 Yu Squares Apt. 354,Lake Megan,Utah,47966,-96.278867,84.0171425
Justin Campbell,40,449 Kim Bypass,Morrisbury,Indiana,47032,-55.209002,2.088514
Ryan Bell,43,4364 Johnson Ridges Apt. 536,Lake Sandrahaven,Wisconsin,02390,-53.468055,81.657995
Judith Yang,79,512 Stevens Falls,Michaelport,Minnesota,54132,173.342409,89.628799
John Bush,44,10968 Kenneth Underpass Apt. 067,West Sandraberg,West Virginia,27880,-111.800078,26.211216
Thomas Walker,78,326 James Village,Yorkmouth,Wisconsin,52730,120.664291,63.0634195
Seth Mcdonald,39,332 Jennifer Hollow,North Reneeview,New Jersey,76646,51.847596,36.096287
James Lara,18,2436 King Cove Apt. 165,East Austinfort,Wyoming,56895,152.459063,-3.214883
David Jenkins,46,124 Christopher Path Suite 544,Hernandezmouth,Indiana,04766,122.148541,59.958775
Jay White,69,458 Kayla Course Suite 865,West Eric,Tennessee,90425,-117.238655,-59.794960
Tammy Cantu,74,71617 Richard Shoal,Gilbertview,Montana,05803,115.576878,-22.897388
Brady Reed,19,94396 Hamilton Station Apt. 342,Nicoleville,South Carolina,03320,-140.747139,-2.187288
Tina Long,70,390 Nicole View Suite 292,West David,Alabama,30977,-25.627403,-27.6904315
Gabriella Cook,41,675 Watson Knoll Suite 701,Atkinsonland,California,48963,-42.377213,-9.5605345
Thomas Chen,21,11562 Julie Square,Lopezchester,Michigan,13907,-50.285727,-36.6782185
Edward Smith,23,7740 Scott Estate,Bakerton,Indiana,43684,-8.826647,24.6965845
John Salazar,37,37418 Hayes Extensions Suite 528,Lindamouth,New Hampshire,79980,152.240912,70.2905695
Jackson Hutchinson,59,04826 Krueger Row,Tiffanyfurt,Illinois,16721,154.113256,-21.0375725
Kimberly Taylor,32,603 Autumn Overpass,Maryview,South Carolina,22120,-135.417762,-37.571402
Jason Simmons,61,6895 Hernandez Valleys,Lake David,Colorado,26873,99.537910,46.7002865
Lisa Hutchinson,71,4977 Paul Mountain Suite 645,Lake Brandiborough,Michigan,48675,-0.402957,13.6353365
Matthew Wheeler,68,053 Anderson Grove Suite 844,Kristenstad,Arizona,35708,-134.125755,43.2762175
Ryan Case,50,2446 Williams Plains Suite 811,New Joshuaport,New Hampshire,02578,-79.290788,-29.107395
Jill Thornton,33,97829 Martin Mission,Zamoramouth,Arkansas,29823,-4.593313,5.596238
Lucas Davis,65,5700 Melissa Gardens Suite 964,East Lisamouth,Connecticut,29737,170.411023,89.217832
David Casey,70,82773 Murphy Prairie,Bensonside,Texas,63548,-4.202535,88.071314
Desiree Thomas,28,784 Lawrence Drive,Zacharyfurt,Alabama,45656,148.973609,23.0330695
Stephanie Anderson,41,229 Chavez Mountains Apt. 492,Taylorton,Illinois,31552,-56.887983,-39.100840
Sara Vasquez,25,9345 Audrey Harbor Apt. 711,Martinfort,Indiana,37522,-121.648586,-1.7397045
Amy West,66,8288 Jackson Stravenue Apt. 911,Millerside,South Dakota,83259,-137.398870,33.7438785
Michelle Bennett,52,34673 Thompson Harbor Suite 501,New Sylviaport,Connecticut,56922,-50.994042,-17.1270845
Tina Bridges,53,537 Katrina Cape,North Andrew,West Virginia,91022,-126.902798,-84.6741965
Tina Clark,41,5641 Campbell Hill Apt. 668,New Scott,Nevada,55191,-75.503150,-67.949953
Shari Shaw,35,25406 Stevens Falls Apt. 437,Grayland,Virginia,85233,-144.128825,54.6417185
Brian Hartman,60,05676 Frey Road,Brandonmouth,Massachusetts,37347,-89.244152,24.379041
Cory Davis,35,130 Sheila Freeway,New Lauriemouth,Kentucky,23036,149.514999,-33.067841
Amanda Williams,34,9026 Chad Meadow Suite 906,South Taylor,Indiana,16859,35.044596,-83.6136145
Joyce Rodriguez,23,969 Andrea Squares,Lake Melissafurt,New Jersey,26507,-140.033948,40.822163
Rhonda Torres,69,317 Evans Ville Suite 931,Dianaville,Connecticut,08651,-103.487470,64.9851965
Jason Smith,54,775 Johnson Mountain,Holdenside,Ohio,06749,-86.880110,-11.673080
Brandon Schmitt,73,05795 Washington Roads Suite 390,Stacystad,Arkansas,42378,96.134637,12.4204395
Samantha Freeman,43,15423 Lewis Plaza,Lake Josetown,South Dakota,20927,-7.728638,18.578523
Steven Allison,21,0864 Gonzales Locks Apt. 632,Hillfort,Arkansas,37621,-147.159523,-27.682033
Jacob Watson,30,81055 Flores Drive,Jasminefurt,Ohio,68917,134.728670,21.809403
Herbert Hernandez,34,631 Michael Loaf,Halechester,Nebraska,77052,173.269707,86.502539
James Cunningham,71,71045 Moore Corner Suite 963,Mayerville,Kentucky,83119,-51.669307,42.6136965
Mary Diaz,20,78847 Rosario Light Suite 238,Williamshire,Colorado,35682,0.641553,-4.466258
Bruce Graham,20,0971 Sherry Stravenue Apt. 685,Sullivanmouth,Iowa,31494,36.677877,-20.0711185
Jennifer Suarez,78,33837 Andrew Burgs,Gilmoreborough,Idaho,32496,149.562622,17.2808805
David Miles DDS,61,73712 Weaver Key,East Haleystad,Arkansas,10571,-15.789656,57.4422685
Victoria Sullivan,56,30874 Adam Fords Suite 011,Lake Tyler,Maine,50640,-134.033852,-84.8059035
Elizabeth Clark,52,36711 Cynthia Plain,Clarkport,Wyoming,83881,-91.841284,-38.0762715
Sarah Jordan,54,8812 Martinez Orchard Suite 627,West Eric,Iowa,20909,94.743577,-66.9813055
Mary Solis,21,85227 Christopher Shores,North Amy,Arkansas,05606,-11.370748,57.6544005
Lisa Erickson,19,587 Jon Crest,Scottton,New Hampshire,74628,-91.111108,-11.7649825
Jennifer Taylor,78,6941 Robert Estates,South Kimberlyville,Texas,96151,-1.488993,46.512151
Amanda Gray,23,886 Kelly Motorway Suite 806,Rebekahchester,Ohio,31918,-166.748505,22.3987675
Allen Estrada,71,6568 Brown Ways,New Erica,West Virginia,85467,85.074965,-84.081713
Rachel Reyes,41,40044 Dean Plains Suite 647,North Christy,Wyoming,41096,43.027388,-53.275806
Mr. Ethan Freeman,74,063 Deborah Ridges Suite 867,West Dalehaven,Minnesota,19813,91.730147,85.5524815
Jason Nguyen,43,104 Joseph Oval,Kristentown,Vermont,47826,-14.433612,-77.890253
David Barrera,67,6800 Paula Landing,Cynthiaport,Maryland,08961,56.137558,-26.4014695
Kevin Hubbard,46,7037 Kristen Trail,New Wendy,Rhode Island,95455,-127.235355,85.462023
Michael Castillo,50,999 Elizabeth Trail,Jarvisburgh,Wisconsin,61207,162.637961,-43.2095415
Joshua Reese,63,9167 Barron Crescent Suite 425,Murphyborough,New York,07762,-93.066079,-61.3178545
Erika Thomas,64,2545 Hawkins Vista,North Gloriaview,Texas,98580,18.272174,-64.0939145
Angel Warner,65,9665 Sutton Stream Suite 374,North William,Tennessee,35350,61.198112,-17.2319615
Elizabeth Dawson,27,68262 Mason Stravenue Suite 294,Sheilaton,Arizona,93591,153.586905,-86.2325965
Kathy Monroe,42,813 Jessica Drives,North Frankborough,New York,50529,-69.646339,-46.858330
David Martinez,52,789 Jones Villages,Williamschester,Pennsylvania,83510,29.908076,-61.1379675
Amanda Boyer,74,3686 Matthew Mountain Apt. 640,South Ashley,Georgia,23720,-76.429166,-37.951506
Bruce Spencer,22,190 Linda Radial Suite 410,Chadshire,Utah,18201,-6.684542,-56.091700
Phillip Gonzalez,57,18077 Gonzalez Extensions,West Steven,Iowa,03834,-54.758476,72.2165195
Bradley Willis,75,8775 Angela Island,Briannafurt,New Hampshire,62750,-30.994954,-29.6792395
Dominic Miller,31,391 Morgan Route Suite 578,North Joetown,Utah,69931,-124.510530,-55.9208605
Ann Lee MD,67,5545 Michael Island,Lake Cheryl,Kansas,96666,0.317340,-41.5366155
William Smith,57,16682 Daniel Ways,Sierramouth,Pennsylvania,91945,-94.817748,-50.960410
Laura Manning,79,8526 Graham Dale,Curtistown,Alaska,40626,6.286847,14.710956
Jason Wilson MD,63,843 Michele Fall Suite 207,East Joseph,Ohio,58623,-47.566768,75.601074
James Lee,33,575 Williams Well Suite 950,Johnport,Illinois,71233,77.240452,-69.402832
Phillip Young,62,08420 Zachary Burg,New Lawrenceville,Maine,73363,-158.242371,-22.8776705
Angel White,65,48481 Sutton Drive Suite 539,Blackburnton,Indiana,24125,-27.556321,-34.994114
Craig Cole,79,86479 Miller Mills Suite 329,Williamland,Ohio,65213,-1.244504,7.0621575
Adriana King,29,553 Matthew Trail,Norrischester,Iowa,22635,-129.327674,-89.7337885
Haley Hampton,33,938 Thompson Estate Apt. 662,Meadowsborough,Montana,45231,-53.147008,55.230185
Suzanne Brown,25,24611 Lindsay Squares Suite 061,Port Edwinbury,Indiana,22303,94.344419,26.1138965
Kristin Brown,60,62106 Cindy Mission Apt. 875,Lake Adrian,Missouri,35539,-23.509045,-83.904729
Miguel Berry,20,384 Davis Fort,Port Kristen,Illinois,69954,84.039404,-83.472241
Jonathan Cox,43,5031 Larry Summit,New Raychester,Kentucky,77094,152.637831,39.5087375
Adam Lucas,58,00539 Vega Squares,Ramosburgh,Texas,02656,107.601433,-79.811317
David Lopez,79,72260 Walker Landing,Thomasberg,Illinois,70087,-157.558675,-22.1831245
Christopher Turner,42,439 Yvonne Ridge Apt. 561,Port James,North Dakota,39043,-176.295971,71.0010315
Jessica Davis,31,75808 Larry Plains,Georgehaven,Michigan,80024,-34.336667,67.493692
Candice Lewis,36,82350 Karen Curve,South Melissa,Ohio,49525,141.507795,51.410197
Vanessa Holloway,63,6066 David Prairie Apt. 840,New Seth,Rhode Island,27082,-68.068913,-27.9197375
Kara Walker,49,84588 Choi Underpass Suite 951,Meredithburgh,Massachusetts,69986,-85.695170,68.1710985
Kimberly Hill,54,9853 Emily Roads Suite 512,South Kennethmouth,Illinois,93594,47.330770,60.8140475
Matthew Holmes,40,394 Moore Valley,Rhodeshaven,Virginia,28323,129.322627,-66.3459745
Richard Rose,74,78508 Morrison Passage,Tracyport,Mississippi,35323,-74.911100,-58.760987
Rebecca Clark,20,0707 Rebecca Plain,North Seantown,Maine,37393,175.368344,-64.2329275
Eric Daniels,64,496 Sandoval Run Apt. 732,North Jasonfort,Massachusetts,61117,45.715339,34.387989
Paul Wilson,75,82403 Mosley Mountains Suite 365,West Kevin,Louisiana,06294,115.075499,-70.935003
Samantha Wilson,29,422 Adams Knolls Apt. 049,Charleston,Washington,75121,-53.890499,49.4792795
Katherine Thomas,61,93303 Kenneth Prairie,North Melissa,New Jersey,58231,74.129712,70.516337
Hannah Foster,42,80453 Robinson Cliffs,Christopherhaven,Louisiana,74548,34.159140,-5.5483575
William Baker,76,330 Paul Parks,North Jeffrey,Utah,34812,-53.371267,-60.9246205
Karen Mcgrath,51,2202 Andrew Glen Suite 030,Jeffreyburgh,North Carolina,81669,-160.268884,26.874373
David Brown,26,1791 Annette Keys Apt. 792,South Robert,Iowa,16621,111.308580,-55.6258485
Daniel Adams,19,9373 Jason Union Suite 023,Cohenstad,Oregon,37246,-9.728322,3.9395305
Kyle Alvarez,55,98119 Miller Mill,East Kaitlyn,North Dakota,82879,55.508882,-48.0293845
Matthew Ford,65,5503 Samantha Heights,Tinaton,Vermont,24524,15.350970,-78.335248
James Simpson,77,0581 Jessica Island,Laurenport,Vermont,77367,156.660306,-70.126218
Steven Lee,21,5771 Love Manors,Reidfurt,Oregon,20419,-130.929741,59.0611205
Timothy Mckay,62,89380 Michael Garden,South Victoria,Vermont,84170,155.741928,32.363223
Anthony Cox,75,6286 Francis Roads,West Jeffreytown,Nevada,70833,53.317449,-21.988397
Candice Higgins DDS,39,3777 Jasmine Common,South Mary,Rhode Island,43494,4.517460,36.054992
Anthony Lyons,26,38538 Emily Estates Apt. 164,North Peter,South Dakota,22745,-71.998241,-53.9583315
Zachary Lynn,21,4981 Vega Lodge,Port Johnbury,Florida,73167,91.480444,-38.124381
Justin Martinez,67,43980 Emily Garden Apt. 656,Peterchester,Iowa,77891,107.886888,-2.4911405
Jessica Harrington,70,982 Rogers Bridge,Vickiborough,Wyoming,44608,40.786483,34.2529595
Zoe Sims,69,85196 Davis Point,Hernandeztown,Georgia,71891,36.006969,-85.3545955
Elizabeth Edwards,72,486 Derrick Ports,Juliemouth,Louisiana,89249,-28.478552,11.0557575
Gina Butler,28,86485 Benjamin Avenue,Kingchester,Iowa,03641,168.224096,-26.007796
Nancy Gonzalez,47,45661 Nicholas Haven,South Wanda,South Dakota,83099,157.959201,6.550672
Carolyn Dominguez,32,85164 Maynard Drives Apt. 733,Thomasberg,Nevada,72593,122.182166,-59.9653035
Lisa Cardenas,20,17909 Catherine Pike,Bairdstad,Delaware,97375,116.119853,-56.9691835
Daniel Long,54,9482 Danielle Brook,Port Jessicaberg,Alabama,62670,-23.143439,43.5450315
Bruce Davis,79,39613 Chung Underpass Suite 019,West David,South Carolina,57446,178.747586,0.4719295
Katherine Lopez,75,65754 Angie Prairie,Danielhaven,Ohio,66880,-108.599167,52.224758
Christopher Rosario,61,4018 Anderson Meadows,West Bryanstad,Delaware,68136,117.043284,15.170678
Thomas Jones,37,0755 Samantha Fields,Port John,Wyoming,87902,49.655994,-47.512227
Ashley Hill,56,034 Scott Throughway Suite 680,Smithfurt,Arkansas,26502,128.626210,-36.0040215
Michael Zimmerman,32,374 Schultz Path,Lake Jamesmouth,Colorado,38053,42.035136,-70.450354
Roger Ross,69,53856 Cameron View Suite 584,Brandonmouth,Georgia,49956,-24.468117,-32.523454
Heather Mckee,72,525 Evans Overpass,North Christine,Delaware,83934,43.856948,-6.3809425
Courtney Larson,53,14811 Kyle Creek,Port Jonathon,Kentucky,26291,-109.806829,-15.628687
Anthony Bush,61,994 Mccullough Street,Danielfort,South Carolina,96220,131.109965,-78.533223
John Lopez,49,00301 Stephanie Bypass,Fritzburgh,Indiana,89911,-82.130692,-48.909121
Elizabeth Morales,38,395 Johnson Turnpike,Joanneberg,Kentucky,18500,-17.608072,69.3601145
Emily Good,50,200 Valerie Key Apt. 514,Charlestown,Alabama,69268,167.132437,-6.2979855
Teresa Schmidt,51,88200 Murray Lakes Apt. 258,Michaelbury,Maryland,42673,-62.062389,16.185292
Jamie Cox,45,8045 Andrew Spring,Marymouth,Pennsylvania,77495,96.286760,14.2737815
Timothy Mendoza,68,71086 Kim Green Suite 305,Alexanderborough,Illinois,16203,27.930874,-30.458506
Kristen Cuevas,53,29512 Butler Lodge,South Maryshire,West Virginia,12916,-113.356117,-19.8819515
John Bailey,50,723 Anderson Trail Apt. 182,Smithton,Montana,98496,-151.191962,-66.264377
April Brown,34,4356 White Hill Apt. 949,Lake Austinberg,Maine,96510,-141.779903,16.452408
Joseph Anderson,22,00352 Nguyen Walk,South David,West Virginia,53776,107.590428,-43.287878
Ricardo Smith,25,99329 Vargas Light,New Alexandriaside,Maine,19187,-59.964550,-69.7693005
James Smith,30,284 Megan Village,Patrickbury,Indiana,19697,-105.934123,-79.2892535
Claudia Hansen,24,10436 Gonzalez Mountains,Port Michelle,New Jersey,11705,-168.133310,-78.590795
Renee Gilmore,53,62473 Frank Stravenue Suite 642,Lake Aliciafort,Iowa,95554,126.815137,-19.689049
Matthew Chapman,56,18040 Johnny Key,Macdonaldshire,Arizona,98316,-140.304657,-80.4522705
Elizabeth Moore,30,622 Gutierrez Hill Suite 813,Reginaldhaven,Ohio,64658,49.161111,-0.766875
Jessica Lynn,29,09271 Roy Loaf,South Edwinbury,Wisconsin,34823,-128.553101,56.812523
Olivia Pratt,48,98765 Eaton Course Apt. 001,East Anthonyview,Missouri,96616,157.506467,1.7722605
Melissa Hunter,74,10979 Rogers Inlet Suite 311,Penatown,Texas,94444,69.282109,88.651104
Jeff Kerr,55,936 Dorothy Place Apt. 734,Christopherstad,Mississippi,79366,44.990035,75.382572
Michael Sherman,51,697 Le Loop,Travistown,Maryland,79136,-79.507486,-41.0282715
Katherine Spence,21,80314 Cole Summit Apt. 790,East Jose,Florida,96099,-27.001964,31.1359505
Michael Reyes,33,8520 Charles Crossing Apt. 905,Kimberlybury,Florida,73466,-63.469448,-44.239017
Natalie Ward,56,35353 Suzanne Turnpike Apt. 499,East Monica,Colorado,95173,61.686022,70.463368
John Bryant,32,7343 Paul Meadow,Lake Dorothy,Arkansas,27758,11.172554,48.8954035
Luis Price,73,945 Thomas Mill,Mcconnellview,Pennsylvania,30865,-105.129238,79.230945
Garrett Bartlett,53,66239 Paula Lock Suite 638,Erikmouth,Nevada,16414,120.981357,-27.4867325
Jessica Rasmussen,38,959 Kelly Square,North Cory,Oregon,08508,-0.392958,50.532389
Michael Cooper,74,82765 Wiley Lodge,North Erica,Maine,81135,136.225474,60.2017635
Travis Matthews,32,627 Alexis Terrace Suite 999,South Jeremiahbury,North Carolina,65024,-16.898872,54.508541
William Williams,37,17211 Krueger Fort,North Aimeehaven,Hawaii,64369,108.604247,-81.122928
Cheryl Waters,50,8654 Hall Road,New Sarah,Florida,44419,-99.526313,-67.078526
Theresa Rich,51,031 Omar Fort Suite 459,Lake Richard,Maine,27662,133.521299,72.977933
Natalie Robinson,35,135 Williams Mission,New Kevintown,Delaware,67550,-137.912608,8.5070815
Susan Lewis,24,34010 Cassandra Dam Suite 615,New Brittanyhaven,Virginia,43336,151.558356,89.2468585
John Montoya,40,771 Franklin Ville,Sarahside,Maine,63901,-50.485892,-49.1394085
Natalie Ross,30,27894 Lambert Brook Apt. 630,Smithbury,Nevada,97993,152.332926,-22.7973655
Amanda Owens,42,0968 Donna Tunnel,Smithtown,Utah,61184,-15.309696,-39.8064955
Thomas Keith,31,43892 Vance Pass Apt. 417,Robertberg,Montana,34357,146.768137,-76.864620
Alex Fletcher,22,2866 Kendra Skyway Suite 976,Angelachester,Pennsylvania,16238,-39.393043,87.092584
John Graham,48,0976 Lori Flat,South Jose,Wyoming,92319,26.669437,84.814759
Patrick Gross,37,8853 Powell Summit,Toddview,Virginia,16084,71.085613,-40.2279295
Sandra Welch,66,9151 Nathan Rapids,Jimenezchester,Mississippi,83949,-43.461733,41.5371295
Sandra Smith,59,834 Megan Ramp,South Davidtown,Oklahoma,52616,-140.172547,-68.7445855
Jasmine Jacobs,44,49997 Timothy Fields,Stephaniebury,California,48636,121.413142,-83.900576
Amanda Wheeler,38,931 Carr Square,South Melissa,Texas,74016,-35.029712,27.1986235
Madison Kirk,43,6336 Gomez Springs Apt. 079,Sotoville,West Virginia,22471,87.418967,24.4393995
Aaron Delacruz,60,2959 Debra Squares,South Daniel,Nebraska,64560,-97.960861,42.693628
Anthony Hall,61,0011 White Mountains,Garciatown,North Dakota,04585,111.013661,15.372447
Jason Torres,64,536 King Islands,Sarahburgh,Indiana,02050,-79.756082,-68.604656
Anna Summers,26,38603 Autumn Radial Apt. 885,East Daniel,Rhode Island,97525,-41.292507,-28.804505
Jennifer Moore,33,786 Rebekah Gardens,North Barbara,Indiana,22533,-30.379981,-77.411430
Amanda Miller,29,60578 Jesus Mountain,Lauraland,Massachusetts,36215,131.557457,7.658417
Bobby Griffin,35,5784 Nicole Street Apt. 336,Russoport,New Jersey,54028,126.003782,-36.7100895
Stephanie Ford,23,465 Hancock Pike,West Kimberlyshire,Utah,57193,114.892735,-76.3273065
William Thompson,30,82189 Phelps Tunnel Suite 019,Austinmouth,Minnesota,78788,101.283924,-43.704149
Catherine Torres,29,6264 William Summit,Port Crystal,Delaware,77294,-157.410888,-8.276923
Richard Woodard,26,01440 Rachel Mountain Suite 651,Connietown,Connecticut,54523,-14.696567,-69.4209465
Tracy Delgado,25,739 Matthew Springs,Crossborough,Pennsylvania,14359,55.894488,-83.435610
Lori Anderson,60,830 Patterson Mountain Apt. 183,Danielshire,Illinois,51379,-62.220451,59.468097
Courtney Jackson,76,15959 Meagan Forges,South Kathleen,New Hampshire,10682,29.790774,81.200199
Brian Rubio,62,60216 Miller Meadows,Lake Dawn,Wyoming,18745,133.496543,23.8264915
Rebecca Gonzalez,74,54755 Rose Mountain,Holdenchester,Illinois,19440,-169.318227,13.238103
Jeffrey Nunez,67,962 Jones Prairie,Lake Devonhaven,Pennsylvania,37727,-75.032747,5.2169895
Brandon Underwood,73,385 Bryan Burgs Suite 052,Danielside,Missouri,95668,140.288565,27.901839
Jennifer Watson,25,9268 Sarah Rue,South Dylan,Alabama,97097,-59.435324,-57.3502825
Autumn Levy,66,883 Brenda Valleys Suite 256,South Patricia,Nebraska,05600,-83.022454,9.3635205
Shannon Hunt,35,2534 Ivan Ridges,East Ericshire,Minnesota,32286,-28.892518,-64.617891
Justin Simpson,62,5930 Davis Underpass,West Tracyfort,West Virginia,91460,-61.647765,-2.4033195
Christopher Gonzales,46,5724 Veronica Turnpike Suite 327,Morganland,Oregon,39052,-150.280327,-25.9314965
Robert Moore,22,436 Johns Glens Suite 478,North Gregoryport,Wisconsin,89328,-172.211774,32.7512515
Barbara Fuller,39,827 Berry Oval Suite 792,Beardview,Massachusetts,08870,30.820850,-3.2587145
Eric Fernandez,35,10217 Crystal Circle,Mcfarlandtown,Oregon,80086,-20.818302,-41.7143695
Kenneth Parker,49,7153 Nicole Green Suite 968,Beltranview,North Carolina,31956,25.580788,57.0920585
Michael Williams,54,956 Rubio Courts,East Alyssahaven,Texas,07177,67.539975,22.9727285
Timothy Burke,80,8458 Edward Roads,Howardshire,Vermont,20065,-76.802414,21.1504815
Hector Howell,28,64122 Hughes Stream Suite 867,New Timothychester,Utah,23927,-49.907535,-55.526028
Valerie Smith,51,68041 Madison Knolls,Robertburgh,Florida,44854,33.276329,30.2294335
Brittany Stark,31,83743 Heather Rest Suite 062,Morganborough,New Hampshire,69236,-12.511233,5.869661
Brittney Jones,19,96311 Smith Junctions,Jaimeborough,South Dakota,35794,-1.080651,9.940342
Joseph Parker,36,9490 Glenn Ranch Suite 240,Lake Angela,New Jersey,04622,35.371679,-0.3060245
Hunter Espinoza,19,96303 Matthew Forest Apt. 507,Amyview,New Mexico,29529,-19.836792,-64.962346
James Hogan,43,221 Stephanie Mission Apt. 856,East Daniel,New Hampshire,39733,88.390546,-14.2811515
Shawn Nguyen,50,01700 Williams Throughway Apt. 128,Ellenfort,Wisconsin,82273,178.124673,-54.245356
Linda Fuller,73,09124 Scott Viaduct,Munozfurt,North Carolina,25615,-44.406060,44.926928
Anthony Hernandez,20,415 Murphy Drives,South Steven,Iowa,42818,-160.656196,-29.877759
Lisa Lopez,69,8126 Brian Plaza Apt. 997,Lake Kelly,Illinois,30140,-53.078005,-58.6524505
Julie Simmons,52,05480 Matthew Union,Port Mikeview,New Hampshire,40426,-13.959885,84.5032495
Ashley Garcia,52,637 Hoffman Junctions Apt. 725,Lake Tanyaview,Wisconsin,48777,-33.246828,71.427898
Kathryn Morse,38,4065 Derek Stream Apt. 646,Petersbury,Connecticut,71778,-159.571132,-16.110582
Megan Ward,24,318 Bryan Stream Apt. 367,New Kristimouth,California,35143,-155.716087,6.4171525
Brooke Payne,73,24170 Thompson Flats Apt. 791,Bridgetville,New Jersey,45765,-135.599652,46.6775695
Joseph Martin,42,159 Mcmahon Lights Suite 909,Joneschester,Missouri,40545,104.256980,-35.8994785
Joshua Kirk,57,4942 Farrell Run,West Carlos,Wisconsin,31737,141.529585,-51.139189
Alison Jones,80,98260 Sheryl Inlet Apt. 225,Blairshire,Arizona,37239,-30.371463,-54.2500645
Jenna Maldonado,37,30697 Stephenson Station Suite 376,Lamport,Utah,67728,65.051714,13.204405
John White,74,44496 Hubbard Rue Apt. 222,Port Brian,Mississippi,38305,172.403989,59.974434
Cheryl Wiley,56,52714 Joseph Rue,South Karl,Vermont,49710,-71.241484,-51.0659145
Kristen Smith,30,66665 Jose Meadows,New Tina,Texas,05963,16.812790,-48.734189
Cory Haynes,21,04753 Carey Fall Suite 623,Melissafurt,New Mexico,42419,39.750827,81.1258845
Paul Kramer,36,9715 Mathews Underpass Apt. 842,Orozcoberg,New Hampshire,11303,-44.624930,39.2678925
Nancy Caldwell,50,6011 Heidi Ranch,Kimchester,Iowa,35401,-101.621055,42.1111105
Ann Torres,30,391 Carlos Ramp Suite 780,Lake Adamshire,North Dakota,79908,-15.784612,52.7120815
Kimberly Rhodes,52,012 Michael Station,Port Franciscofurt,Kansas,50177,-63.421122,58.156864
Martin Gregory,23,271 Jones Ranch Apt. 034,New Christine,Connecticut,23075,-6.097118,-14.502286
Amy Wright,80,512 Smith Lake,Loriland,South Carolina,29079,84.001465,-79.7255275
Patricia Graham,73,5779 Jessica Cliff,Jonesland,Louisiana,41402,-17.078222,68.893503
Tara Bailey,65,034 Bauer Ports,Joseborough,New Mexico,97073,-132.214548,47.810914
Paul Paul,44,975 Wilkinson Plains Apt. 776,New Kennethborough,Ohio,17832,-2.203592,-85.1788535
Sandra Downs,40,53553 Levy Fort Apt. 904,Port Michelle,Vermont,21397,119.166478,-9.2911785
Sue Garcia,80,22316 Jennifer Unions,Sierraberg,Maine,51604,25.541889,63.6854155
John Davis,22,408 Hicks Pines Suite 981,South Jessica,Connecticut,54748,-137.032478,76.3608915
Tanner Wood,69,202 Zhang Glen,Wilsonville,Massachusetts,28182,-136.634930,5.304445
Edward Mendez,34,379 Sydney Squares,Geoffreymouth,Wisconsin,95268,-58.215103,42.819681
Rebecca Warren,34,218 Johnson Valley,West Angelaborough,Arizona,49250,58.070866,-13.712571
Eric White,60,15748 Brendan Fields Suite 889,Smithstad,Michigan,07485,-156.259986,71.266646
Kristi Thomas,45,556 Potter Views Apt. 434,Dwayneview,Texas,52184,66.503707,21.3564045
Melissa Edwards,65,11413 Heather Plaza Apt. 639,New Brent,South Dakota,47623,16.823619,-9.1988145
Cheryl Gay,64,5877 Nguyen Rapids,North Scottland,Colorado,74953,72.002279,39.8756005
Daniel Walker,22,166 Gomez Dale Suite 271,Hardyview,Illinois,06668,-117.113097,-76.900861
Scott Richardson,25,32540 Alexander Loop,Geraldburgh,Florida,00870,-150.868482,-28.485085
Devin Russell,71,43961 Collins Centers,Karenmouth,Wyoming,91790,-38.451409,-30.1456095
Mrs. Toni Kirby DVM,36,90699 Kirk Valleys,Lake Sarah,Kansas,31068,13.147394,-4.5201705
Sarah Young,23,89514 Castillo Glen,West Margaretburgh,Kansas,92028,-43.299360,55.6342965
Julie Taylor,67,8809 Amy Parkway Suite 222,West Janet,Oklahoma,16931,-30.669031,42.1964425
Amber Rodriguez,80,9757 John Forges,West Danielle,New Hampshire,17254,46.756120,-64.7123765
Glen Chapman,50,7471 Anderson Glen,Luisshire,Louisiana,42726,83.844332,76.262505
Amber King,75,9773 Henry Mission Apt. 230,North Anthony,Nebraska,08043,-135.778381,-7.8471135
Jeffrey Jones,24,0501 Pierce Circle,Sparksside,Mississippi,80256,-21.640740,3.7451325
Kimberly Willis,42,68673 Angela Plain Apt. 623,Port Louiston,Maryland,28361,-76.361134,-12.300895
Mason Coleman,46,92756 Miller Road Apt. 077,Donaldburgh,Idaho,69142,44.858568,-2.316846
Miss Jennifer Schwartz,60,087 Kristen Unions Apt. 213,Bryanborough,South Dakota,97145,153.838273,3.981222
Monica Wilson,35,147 Brian Pass,Katiefurt,Michigan,88456,158.698978,10.6448055
Deborah Tate,65,42046 Kyle Junctions Suite 031,Karenfort,New Hampshire,03622,-37.601966,43.654588
David Myers,42,65831 Hansen Manors,West Kathy,Alabama,33708,-143.850426,33.5982815
Erik Young,36,31029 Autumn Dam,South Stephenton,North Dakota,83981,-144.911561,-34.540815
Latoya Simmons,31,4416 Morgan Dam Apt. 647,New Rickyside,North Carolina,68092,-98.158687,86.104813
Matthew Curry,64,037 Katherine Mills Apt. 939,Abigailton,Oklahoma,04143,62.651786,57.7367555
Brian Campbell,35,4399 Michael Lake Suite 323,Meyerstad,Virginia,80035,-1.685000,57.8883785
Tanner Brown,59,47239 Joshua Throughway Apt. 798,West Stephanie,Alaska,27630,11.675851,-82.8752365
Mrs. Debra Wright,66,692 Jennifer Valley,New Annette,Georgia,79835,2.698089,5.596721
Gregory Elliott,80,6706 Hoffman Cliff Suite 213,New Jimmyland,Maine,22586,156.540430,62.9749515
Luis Mooney,45,96796 Tanner Camp,Justinstad,Alabama,50018,-137.531828,76.872600
James Moreno,73,68309 Wells Mountain,Morenoburgh,Iowa,74555,-69.069345,-3.240582
Lori Anderson,25,73536 Lisa Extensions,North Christopher,Ohio,89530,54.491564,-63.749844
Emily Tran,26,75964 Clark Harbor Suite 213,Martinburgh,South Dakota,35944,169.575495,21.6817125
Thomas Jackson,71,144 Schaefer Square Suite 058,Kennethville,Illinois,65239,38.784743,9.953415
Gina Jackson,59,09958 Mendoza Divide Apt. 557,Andrewland,Arizona,62317,-11.394492,-45.568651
Scott Rogers,21,140 Crystal Drive,Campbellville,California,45468,-70.537708,-11.5028375
David Anderson,73,91326 Sara Forges,Thomasview,Virginia,66654,21.961548,-40.315867
Jessica Norris,20,789 Robert Lodge Suite 143,Andrewston,Texas,75161,-63.072813,-29.397224
Michael Zimmerman,71,593 Bryant Fall,East Michaelburgh,Indiana,90206,-3.470237,-64.4896195
Philip Russell,51,528 Kane Pines,New Jared,Arizona,45476,155.030336,-22.479421
Amber Sparks,68,02392 Kathryn Lock,West Samuel,New Hampshire,53101,171.860758,20.0474565
Jessica Williams,44,536 Christy Green Suite 504,Port Kirsten,Washington,23336,6.197919,54.443950
Stephanie Roberson,29,1604 Clark Loop Apt. 549,East Katherineborough,Maryland,38096,65.460474,-0.1866275
Edward Carter,55,6234 Thompson Roads Apt. 054,Port Dawnburgh,Florida,81949,8.278882,42.000162
Rachel Rivera,34,36032 Caitlin Freeway Apt. 684,Rossfurt,Michigan,29955,59.425028,-15.323775
Mr. William Johnson,23,849 Whitney Drive Suite 814,New Mariochester,Hawaii,96085,81.589565,42.511259
Rick Woods,74,8063 Michael Lake Apt. 930,New Garybury,South Carolina,19212,45.748612,63.521129
Kathryn Gibson,54,975 Claire Highway,Hollymouth,Minnesota,51289,61.146687,-37.5057775
Dale Bartlett,45,95805 Kevin Mall,Michaelhaven,Montana,85003,108.948719,-82.450513
Jeffrey Hall,19,5326 Alyssa Ports,Rebeccaport,Nebraska,90771,9.817489,67.328439
Jessica Thomas,20,77688 Gray Forest,Edwardstown,Delaware,15396,-78.295899,51.4270545
Jose James,40,2724 Todd Plain Apt. 203,East Randy,Tennessee,97058,114.920776,36.9564605
Mr. Thomas Oconnell,30,1739 Abigail Plaza Suite 811,West Madisonview,Mississippi,81291,97.826294,35.3634365
Jennifer Montoya,78,30168 Williams Harbor Suite 134,Rodriguezchester,Florida,94489,-29.926528,-10.265872
Steven Harris,80,10264 Moore Stravenue,Port Kimberly,Missouri,79982,42.836126,86.936095
George Byrd,75,392 Reyes Drive,Kimberlyborough,Hawaii,26009,-47.390884,-47.679159
Robert Maxwell,58,573 Pamela Forest Suite 895,North Melanieborough,Alabama,47196,-6.896860,66.217529
Cynthia Olsen,67,019 Savage Hill,Phillipfort,Ohio,68957,-159.224011,-69.438674
Roberto Hoover,79,994 Baker Divide,West Phillipside,Texas,60717,82.679268,-53.664535
Christopher Sandoval,57,3722 Carter Coves Suite 537,East Jennaborough,Delaware,33948,-20.115496,-61.765440
Alexis Martin,55,772 Mckee Plaza,South Danielchester,Montana,01478,126.673200,20.061294
Rebecca Smith,47,495 Dakota Lakes,Leefort,Illinois,89279,49.554452,-4.0526395
Mr. Ernest Smith,71,65337 Zachary Knoll,Gouldburgh,Illinois,08338,-98.513791,-29.404747
Kimberly Reed,28,0952 Jonathan Bridge Apt. 562,North Rogerstad,Wisconsin,22750,12.404344,60.7727165
Shelley Patrick,33,3277 Nelson Stream Apt. 141,Williamsville,Delaware,41589,58.133785,-18.815206
Desiree Davis,68,85120 Michelle Expressway,South Haroldborough,North Dakota,65591,-35.541499,9.8427405
Ryan Turner,71,7479 Nicholas Overpass Apt. 172,Lake Luis,South Dakota,86992,-81.921536,-43.5860185
Susan Gaines,25,2717 Pennington Centers Suite 046,Lake Andrea,Hawaii,75260,-106.145192,-0.1666085
Jennifer Nguyen,59,6244 Richardson Burgs Apt. 518,Wellsmouth,Louisiana,72985,69.099064,-56.371884
Lisa Munoz,80,39643 Foley Trail Suite 857,Smithborough,Vermont,57816,-27.823675,58.589609
Anita Nguyen,21,45184 Frey Key,Terrybury,Nevada,71737,86.614703,-12.138558
Tracy Mathis,47,36089 John Hills Suite 178,South Justinview,Illinois,51065,-126.694051,55.647374
Daniel Horn,47,489 Joshua Port,Davisfort,Ohio,19945,71.163618,16.1517165
Sara Mcmillan MD,48,81323 Olson Rapid Suite 221,Whitefort,Hawaii,68155,56.415725,65.251937
Brandon Cameron,21,1643 Flores Cliffs,Tylerbury,Montana,41365,25.364818,41.560533
Andrea Ford,80,391 Danielle Mews Apt. 490,New Valerie,Kentucky,19478,59.540116,-68.9889385
Jeffery Martinez,56,7380 Lawson Mountain Suite 049,New Lee,West Virginia,42732,111.026971,86.8757445
Allison Ruiz,42,6134 Lee Island,New Cynthiastad,Delaware,57967,-29.672686,-76.007856
Kristina Villarreal,18,89138 Simmons Loop,Davidville,Maine,31733,26.471381,-0.9395235
David Norton,56,13498 Brittany Haven,Josephhaven,Montana,16789,-4.727159,6.094844
Meghan Poole,31,3124 Lindsey Shoals,South Joseph,Colorado,78961,119.221187,-22.4695605
Jeffrey Lambert,31,8553 Morgan Mall Suite 897,North Karenfurt,Missouri,66584,-75.916670,25.016588
Jason Taylor,55,7068 Lewis Groves Suite 167,Mariafort,New Jersey,18263,-66.175499,-77.518312
William Warner,47,0222 Mark Forest,New Toddville,Florida,40170,-79.739543,-31.9911915
Kenneth Gonzalez,27,379 Cooper Flats,Port Brandon,Illinois,53339,-161.918658,-8.2896105
Todd Bond,26,0623 Hart View Suite 008,Port Paige,Maryland,49196,-40.522393,11.3153425
Ashley Thomas,21,1175 Davis Fields Suite 751,West Justintown,Kansas,14930,11.399657,-15.7271095
Denise Harrell,22,623 Scott Forks,Andrewberg,Nebraska,54927,-76.332624,-37.093177
Jerry Thomas,45,100 John Prairie Suite 589,Smithmouth,New Mexico,53096,1.441300,35.1702495
Andrew Ruiz,52,02601 Combs Well Apt. 528,Davistown,South Carolina,70425,-79.144771,31.638681
Brian Parker,69,513 Montgomery Expressway Apt. 517,Pamville,New Mexico,79756,-119.047348,70.5391865
Erin Jackson,46,40081 Joseph Drive,Laraville,West Virginia,52048,3.660102,75.734330
Karen Smith,22,15624 Richard Causeway Apt. 884,South Candice,Rhode Island,87554,36.797906,16.8436705
Martha Rodriguez,39,16307 Ochoa Path Apt. 057,Sarahton,Louisiana,20933,-107.400366,29.059472
Antonio Brooks,29,36883 Washington Land,Alexanderport,Georgia,20674,-124.059372,45.468473
Ryan Smith,45,3309 Garcia Circles,Knightville,Vermont,51152,155.846764,17.2105905
Matthew Nelson,58,057 Lopez Trafficway,Ericstad,Vermont,93635,-149.132950,21.223599
Andrea Patterson,26,4932 Jenny Fords,Jonesburgh,Hawaii,16014,90.084008,41.3452985
Jennifer Garcia,46,41362 Timothy Manor,Nicholasburgh,Georgia,32811,-54.867394,-49.1475915
Julie Nolan,69,6145 Marc Motorway Apt. 774,South Kelly,Connecticut,89751,-95.270226,-17.470019
William Garner,27,5601 Martinez Land,South Alex,Iowa,40591,-6.660292,86.7481625
Robert Smith,48,9279 Schmidt Knoll Apt. 814,Lake Jamesstad,Alaska,25271,80.840515,-27.5030985
Sharon Campbell,54,789 Hannah Glen Apt. 662,New Breannamouth,Nebraska,16323,123.456326,21.856275
Johnny Austin,48,3886 Hanson Circles Apt. 691,North Marymouth,New Jersey,55690,132.413365,49.2366565
Heather Kelly,35,18997 James Shoal,Collinsside,Vermont,48767,99.791260,-52.3583895
Melissa Morgan,35,403 Williams Street Apt. 589,Cruzberg,Wyoming,51610,37.885054,9.9841725
Tim Krause DVM,47,4049 Grant Hollow Apt. 387,Kennethfurt,Utah,23989,-63.200897,-11.029286
Dean Bruce,72,49024 Snyder Square Apt. 421,South Gabrielport,Alaska,24744,-82.548523,26.1614985
Jessica Choi,51,42406 James Trace,Richardsonmouth,Oklahoma,27229,141.658585,-46.1669215
Penny Ramirez,31,716 Kelly Shores,New Matthewmouth,Florida,51720,135.062113,-4.227528
Jasmine Morrison,59,83675 Henry Shoals,Wendyhaven,Texas,53407,-171.324839,9.5431935
Amy Anderson,63,034 Arnold Burg Suite 783,Jesseborough,North Carolina,66812,40.506093,36.9785665
Marissa Cain,70,882 Fuentes Knoll,Kellyview,Oregon,50854,145.031348,-48.0124755
Jon Howard,25,90319 Philip Glens Suite 089,North Savannahfurt,Florida,61893,-127.274062,-53.8671845
Mr. James Thomas Jr.,76,0890 Mark Parks,Charleston,Arkansas,93113,-25.571934,73.406455
Brian Nash,66,5900 Leslie Throughway Apt. 425,Rebeccaton,Michigan,34505,-65.577471,37.393259
Troy Schwartz,74,581 Cruz Haven,East Davidberg,New Jersey,60480,86.169656,-6.748069
Pamela Chambers,36,4824 Austin Lane Suite 670,Harrisonshire,Alaska,18135,162.953878,66.8684675
Dennis Lawson,50,96458 Kevin Mountain Suite 531,Beckside,Montana,58317,115.382676,82.9187575
Amanda Webster,48,640 Larry Locks Suite 585,West Sheila,Oklahoma,71444,-78.934580,-47.787951
Andrea Frye,58,83433 Hughes Vista,North Justin,Wisconsin,57360,130.917954,0.691669
John Hogan,79,16376 Clay Loaf Apt. 810,Port Rebecca,Arkansas,82220,152.779848,26.7610495
Cesar Robles,68,0770 Jessica Burgs Apt. 564,West Becky,Rhode Island,41370,63.397376,-6.7200935
Kelly Sanders,45,034 Crawford Brooks Suite 108,West Robin,Kentucky,18910,-6.040058,59.884549
Misty Jones,68,878 Crawford Keys,North Allison,North Dakota,80758,-87.063741,86.3901615
Laura Madden,40,196 Thomas Road Apt. 498,Colemanmouth,New Mexico,59714,-2.116793,-26.6669435
Anna Cooper,32,146 Hernandez Land Suite 187,Stephenberg,Maine,79347,-150.183394,4.461127
Adam Johnson,72,139 Fox Trafficway,Port Brentstad,Utah,27032,-164.828514,-81.969309
Todd Oconnell,55,36051 Smith Underpass,Conniehaven,Texas,14541,-87.163027,29.291948
Thomas Miller,41,66204 Jesus Causeway Apt. 494,West Davidshire,Maine,49593,-60.502568,9.6773465
Eric Myers,25,285 Linda Pines Suite 316,Jonesside,Nevada,68223,-33.227577,36.1655405
Denise Schmidt,18,185 Barajas Forge,Timothyview,North Carolina,62250,-159.445108,-20.068093
Diana Pace,47,87876 Willis Valley Apt. 854,Melaniehaven,Wyoming,93482,-33.363096,1.5965585
Christopher Turner,23,423 Clinton Unions,North Emilymouth,Nevada,78581,-12.239499,64.401005
Daniel Clark,39,64504 Floyd Turnpike,Kaylafort,Connecticut,88231,-179.093561,12.5208365
Pamela Nguyen,58,958 Lisa Terrace,Littletown,Wisconsin,61508,-19.194894,-60.074111
Lauren Pittman,76,127 May Isle Apt. 101,Francohaven,Indiana,60625,168.869965,-8.0763575
Ryan Fowler,50,546 Lawrence Terrace,Lake Matthewfurt,Colorado,86473,-171.083695,74.876850
Jennifer Anderson,21,2985 Reese Drives,South Charles,Alabama,96872,-18.104063,55.738444
Claire Hunt,45,1610 Norton Land,West Noah,Vermont,34882,-164.864785,-60.7279465
John Johnson,36,39481 Tara Plains,East Nicholas,Maine,46209,-33.721359,-61.6342795
Matthew Freeman,35,54483 Simon Flat,Lake Hannahchester,Ohio,95379,-98.493478,86.3818065
John Mendoza,44,63135 Cardenas Center Suite 789,Gomezchester,South Carolina,00675,136.948136,-50.3716705
Miss Kari Mercer,55,55134 Gates Expressway Suite 082,Port Angelatown,Mississippi,55769,-58.847134,-25.4766315
Ashley Soto,51,7748 Perkins Ridges,Jonesfurt,Utah,18673,37.606979,-85.342627
James Turner,20,46416 Michael Fort Apt. 371,Raymondchester,Virginia,61066,73.935161,88.9204165
Joseph King,70,1739 Walker Stravenue Suite 744,Jessicatown,Wyoming,69971,-3.229585,21.637892
Crystal Rivers,65,36974 Hoover Ford Apt. 959,East Anthony,Missouri,07447,-52.959066,-18.077197
Francisco Kirk,44,23633 Williams Estates Suite 202,North Benjaminmouth,North Dakota,87127,-98.347044,-23.0961215
Michael Little,22,6910 Andrew Stream,Dennischester,North Dakota,28432,109.595163,12.1359195
Daniel Osborne,45,6352 David Lakes,Lisaburgh,Virginia,82458,-42.731075,-2.9184695
Clayton Robinson,50,878 Angela Glen Apt. 318,Brianbury,Alaska,24463,-46.575388,-62.3712215
Kevin Moore,78,040 Michelle Dale,North Samanthaport,Iowa,59171,-141.229974,28.550283
Richard Lewis,28,8340 Luis Turnpike Apt. 606,Kimshire,Kansas,03047,64.136877,-77.1447775
Michael Escobar,64,7191 Baird Wall Suite 817,Lake Christopherville,Virginia,44732,2.347706,59.6792425
Lisa Nguyen MD,73,9327 Bell Street Suite 963,Lake Grant,Hawaii,61179,94.232660,75.0159355
Jose Armstrong,72,960 Cindy Drive Suite 796,Jordanbury,Montana,86525,107.414233,82.2236315
Christine Rosario,51,678 Morales Turnpike,Lake Craig,Iowa,64424,108.477054,-70.2511815
Matthew Cruz,50,021 Schultz Extension Apt. 766,Derrickport,Maryland,63377,153.307363,-83.7986815
Stephen Barton,69,512 Murray Fork,New Melissa,Nebraska,88247,-113.986489,-7.9461145
Jacqueline Greer,43,002 Hampton Cliff,Emilytown,Massachusetts,63113,103.958012,-5.9611485
Jonathan Johnson,66,32351 Phillip Locks Suite 621,Bethanyhaven,Minnesota,91871,-165.509724,78.653111
Tamara Washington,75,43441 Jackson Trace Suite 144,South Kimberlyfurt,Texas,99621,-72.638151,-86.7006405
Brittany Edwards,34,900 Julie Vista Suite 140,Garciatown,Maryland,89458,51.306984,-86.816484
Hannah Rivera,42,9880 Reyes Fords Suite 183,North Andrew,Washington,82376,-38.267150,-87.138975
Robert Collins,64,998 Rios Square,Larryside,Florida,56203,-11.934719,-2.823656
Joseph Bailey,22,653 Copeland Ways Apt. 577,Ericfurt,Massachusetts,55882,130.286638,-18.6635095
Frederick Lawrence,31,67706 Allen Village,Patriciafurt,Arkansas,49242,-123.592118,-7.790084
Matthew Hernandez,77,934 Paul Flats Suite 877,Howardport,Louisiana,35589,-12.041680,-58.314724
Cheryl Santos,57,2360 Mullen Summit Apt. 894,Paulburgh,North Dakota,98948,117.210223,67.4881535
William Montoya,54,325 Anderson Mountains Suite 547,Port Erica,Wisconsin,91656,-53.700920,40.322521
Sandra James,74,897 Johnson Ports Apt. 088,Goodmanmouth,South Carolina,76326,166.212459,-51.4229885
Jesse Baker,54,2413 Donna Village,East Danielle,Nevada,45266,-89.153032,-58.5489015
Alan Barton,37,47863 Kristine Mews Apt. 509,West Krystal,Arizona,05251,72.608063,-19.4413705
Jamie Lee,77,636 Mcdonald Turnpike,South Joseph,West Virginia,88623,54.327510,-59.1917845
Tracy Duran MD,25,998 Carlson Groves Apt. 906,South Margaret,Kansas,27479,12.172610,-61.572980
Joseph Shepherd MD,41,157 Arnold Ranch,Port William,West Virginia,99216,-136.395252,58.229831
Wesley Thomas,67,9684 Daniel Pines,Susanport,Nevada,20447,115.924785,15.5122635
Jennifer Walton,74,687 Luis Way Apt. 295,Gardnerburgh,Minnesota,07860,43.602250,83.6197925
Paul James,51,462 Franklin Camp,West Michael,Wisconsin,75952,89.925912,27.318171
Thomas Beard,54,701 Justin Stream,Richardsland,Iowa,63615,-99.696900,-47.063874
Sharon Suarez,36,23298 Martin Mountains Suite 588,Bellshire,Kansas,49893,-154.172068,-72.917288
Michele Newton,54,096 Natasha Locks Suite 059,Knappborough,Iowa,82158,33.845964,55.7999055
Wendy Fitzgerald,61,33428 Jones Lodge Suite 894,East Alexanderborough,Nevada,50197,-23.422129,2.371316
Tracy Johnson,29,6974 Stephens Trace Apt. 258,Williamston,Maine,15239,-41.931453,-62.739649
David Peterson,47,5283 Leonard Groves Suite 739,Julieland,Indiana,12100,32.885137,70.7356105
Ryan Dixon,23,61050 Oneill Curve,South Autumn,Utah,46434,-113.272951,9.1618395
Stephanie Mclaughlin,21,115 James Tunnel Suite 516,Williamshire,New Jersey,12013,-32.065928,-22.6485805
Anthony Warren,49,60150 Sharon Isle,Kelseyburgh,Kansas,93868,134.492564,22.1484605
Jennifer Adams,39,2805 Harris Glens,Hernandeztown,Iowa,77119,-148.884342,-55.427493
Kelsey Welch,25,8527 Taylor Estate,North Frederick,New Jersey,65945,-76.779146,5.1568905
Tiffany Franklin,52,172 Jill Forges Suite 830,South Christopher,Maine,77324,-142.485065,-36.6112395
Sheri Donovan,34,431 Spencer Mills,Peterstown,Texas,48444,-92.457836,-16.645300
Robert Foley,30,73431 Webb Villages Suite 417,Port Alison,Alaska,44296,62.216434,49.9885825
Michael Garcia,67,9984 Christopher Common,West Nicole,West Virginia,87474,71.079629,-8.4749695
Michael Vargas,30,8468 Brad Radial Apt. 396,Emilyborough,Oregon,08910,28.270854,-64.687875
Richard Gentry,42,669 Tina Island,South Robert,Texas,38193,76.386901,20.953968
Scott Gomez,29,0371 Raymond Oval,Johnsonburgh,New York,85699,-70.189076,-21.7354585
Angela Stevenson,59,593 Nicholas Rest Suite 447,Jackstad,Delaware,76370,71.590855,-40.102914
Molly Wheeler,34,15778 Andrews Meadow Apt. 973,Lake Brianaland,North Carolina,77036,-93.482477,-68.4195675
Douglas Williams,27,88329 Russell Mountains,East Travis,Vermont,96772,-119.790943,-77.029921
Taylor Santiago,68,33553 Stephanie Villages,Lake Devinport,Rhode Island,28606,62.790741,-29.711461
Donna Rosales,29,924 Jennifer Shore Apt. 782,Brettton,Montana,76316,109.728593,-32.3514805
Justin Hendricks,75,73074 Jennifer Ville Apt. 384,East Rebeccahaven,Washington,23683,-73.174850,65.078544
Robert Swanson,54,412 Contreras Station Apt. 944,Kevinbury,Nevada,90629,109.589994,-43.4355095
Steven King,80,5048 Schroeder Oval Suite 956,East Robert,Florida,31367,-48.587355,-26.6885075
John Austin,66,4833 Guerrero Extensions Suite 315,Conwayland,Oregon,49373,-58.883071,41.1484585
Anthony Santiago,73,3541 Briggs Harbors,Dixonburgh,Oregon,33737,-73.483580,81.3508005
Zachary Mitchell,55,38231 Barnett Cliff Apt. 054,East William,Alaska,42964,134.810029,53.7014285
Misty Proctor,54,283 Rivera Ways Suite 669,Justinchester,West Virginia,90120,-77.005343,-75.7994765
Yvonne Fitzgerald,43,3688 White Roads Suite 827,Teresaview,Minnesota,04951,-118.584141,-48.416741
Patricia Neal,60,246 Stephen Crossing Apt. 899,Port Christine,Missouri,44740,40.162106,34.793947
Jennifer Ballard,78,7757 Stephen Rue,West Calvin,Alaska,18707,43.258118,25.3297025
Jonathan Hunter,46,754 Kara Trace Apt. 995,West Georgeview,Arkansas,98521,-17.453989,-59.6850925
Lisa Bird,64,061 Brown Throughway Suite 789,New Deborahstad,Arizona,82895,45.419929,-44.809006
Deborah Hopkins,54,744 Howe Mountains,East Krystal,Tennessee,82018,122.137868,59.0753805
Anthony Johnston,21,766 Rodriguez Pass Suite 309,New Lauren,Tennessee,05854,27.290685,55.0761115
Amanda Wiley,31,655 Emma Tunnel,New Austinmouth,Delaware,14415,141.740074,88.5320595
Timothy Williams,57,91294 Stacie Road Suite 899,Lake Jenna,Illinois,48153,71.760995,77.633506
Mariah Love,23,186 Rebecca Key Apt. 739,Codystad,West Virginia,31007,34.049795,-54.561798
Michael Montoya,21,6577 Montes Field Suite 155,East Stephanie,Massachusetts,87043,64.620420,83.143560
Carla Wilkins,24,10524 Scott Curve,Lewisside,Ohio,76129,120.620824,-73.8010875
Darlene Kramer,28,6151 Ricky Circles Suite 754,Lake Donnaland,Minnesota,43024,-29.446081,-34.3583115
Cheryl Levy PhD,27,18500 Smith Row Suite 417,Jacobbury,Idaho,20436,-3.795748,-67.8876575
Brady Jones,41,8084 Diana Plaza,Jacksonville,Maine,04384,-66.590377,-23.0817375
Natalie Wright,76,87255 Kathleen Squares Suite 079,Elliottview,North Dakota,37876,95.972932,1.063517
Joanne Rowe,55,650 Taylor Road Suite 851,Boydport,Hawaii,03147,89.354970,73.781890
Daniel Singh,36,78859 Byrd Place Suite 593,Lake Thomasmouth,Kentucky,01519,-22.045565,-47.7574855
Christopher Vasquez,20,03669 Tonya Fall Suite 922,Port Lacey,Utah,20499,-114.208356,-7.181139
Sheryl Rogers,21,151 Erica Turnpike Suite 947,Mckinneyside,Alaska,75334,46.903478,50.2113985
Gary Richardson,73,26880 Garcia Camp Suite 469,New Suzannebury,South Carolina,07440,2.957794,-67.903003
Michelle Robinson,59,020 Watson Lake,Annchester,California,65266,16.352462,89.0320505
Jeff Morris,73,879 Sanders Ways,Lake Holly,Nevada,35675,-126.165930,60.6433685
Carol Wright DDS,51,37459 Vincent Prairie Apt. 868,Burtonstad,Florida,88195,148.661210,-11.617183
John Wall,35,41034 Brandon River Apt. 652,Port Hannahmouth,Colorado,51550,12.317223,57.077984
Stephen Jackson,31,83151 Anderson Hills,Lake Jared,Massachusetts,74211,-35.254144,-53.680791
Tiffany Harrison,41,62754 Joshua Crest Suite 962,Alexandrachester,Tennessee,85686,6.199035,-35.9601225
Nancy Reed,46,1781 Mathew Burgs,New Kimberly,Pennsylvania,40127,53.987841,-43.6140115
Leah Gaines,60,97386 Crystal Fields Suite 019,Clarkestad,Massachusetts,15765,-7.188303,8.009908
Tara Mathews,50,18725 Petersen Wells,New Michelle,Arizona,49726,7.280930,16.056121
Adam Aguirre,53,2803 David Wall Apt. 589,East Brianside,California,84661,-94.568398,24.193171
Austin Wright,30,6929 Kent Passage,Lake Jeremiahborough,New Jersey,12933,130.269887,-42.7703485
Gregory Bright,34,821 Daniel Mountains Apt. 838,Port Markshire,Tennessee,20159,5.598916,-13.1324125
Derrick Atkins,64,2890 Miller Roads,South Jefferymouth,South Carolina,53243,160.977972,73.8948745
Isabella Navarro,56,372 Love Loop,East Veronicaville,Indiana,15079,-128.315008,-23.4339785
Anita Jenkins,63,5428 Yates Turnpike Suite 557,Elizabethshire,Tennessee,27591,-57.444309,65.1176775
Alex David,66,51462 Randy Overpass,Morrisside,Louisiana,48428,-57.905740,-73.579657
Kevin Smith,80,460 Carol Green Suite 846,North Jennifer,Mississippi,62361,140.249713,58.802307
John Chandler,33,6776 Teresa Lake,Billyport,Nevada,09183,134.394673,66.183122
David Shaffer,44,939 Merritt Creek Apt. 602,Amandaton,Oklahoma,84448,-68.296551,89.4656005
Jennifer Ortega,40,295 Tanner Courts Apt. 465,North Brian,Wyoming,47139,97.456479,61.9376895
Jessica Davis,61,57060 Thomas Throughway,North Rachaelville,North Carolina,52207,1.222629,-55.2638075
Lynn Taylor,41,357 White Mill Apt. 319,East Michael,Wisconsin,57152,-27.842736,-41.445481
James Patterson,62,528 Anderson Stream Apt. 949,Pamelaside,Wyoming,81032,90.592827,-61.9259695
Frank Cummings,20,38198 Mcdowell Estates,South Andrewland,Missouri,35031,-101.241597,-87.493059
Chad Smith,65,317 Crosby Curve,West Jerry,South Carolina,30565,-0.916898,24.5888095
Zachary Church,39,7574 Hamilton Turnpike,West Gary,Illinois,32015,2.804293,65.4296995
Thomas Rodriguez,23,309 Christopher Islands,Mikestad,Minnesota,45892,45.631664,28.062729
Robert Williams,45,4935 Kevin Cape,Jimenezport,South Carolina,71719,-81.121506,-74.055204
Mary Fernandez,80,5969 Dean Lane,Silvahaven,Nevada,60603,-138.237431,-34.7424575
Alexander Short,26,23542 Coleman Isle,Reevesfurt,Minnesota,82301,-91.570480,36.4553365
Whitney Vargas,56,8216 Becker Vista Apt. 112,East Steven,Florida,85839,7.250204,-2.817254
Jeffrey Foster,23,174 Jessica Crescent Suite 931,Port Tonyfort,Oregon,98966,-105.759676,-29.247067
Jeremy Evans,54,6265 Dominguez Walk,Chasebury,Utah,71118,78.425204,32.1510535
Karl Ford,65,965 Richard Court,Ayalaside,South Dakota,08868,-162.570425,54.0720245
Sara Jackson,48,9820 Russell Ville Apt. 633,West Philip,Nevada,52291,-19.643999,45.455703
Steven Spence,34,575 Jordan Prairie,Leachmouth,Indiana,58768,72.199301,59.859032
Vincent Frazier,78,50134 Elliott Tunnel,Melissabury,Louisiana,86841,75.538699,-84.6830605
Steven Hammond,45,8229 Kristen Turnpike Suite 180,New Sherrybury,New Hampshire,49823,46.667339,-52.987296
Gary Thomas,75,022 Debbie Ports Suite 576,Scottmouth,West Virginia,97406,-160.324320,-8.3634865
Mark Washington,38,20382 Mark Branch,East Brendaton,Ohio,66945,66.262417,-35.023059
Elizabeth Richards,80,1639 Cooper Unions Suite 716,Leahmouth,New Mexico,67713,51.605012,7.9105375
Rachel Gonzales,50,00140 Carla Club Apt. 078,Dicksonberg,Florida,55813,-63.392111,-8.303007
Joshua Summers,68,988 West Brook Suite 115,Teresatown,Minnesota,61588,8.704550,59.597922
Tammy Gonzalez,77,4433 Holt Expressway Suite 299,South Valerie,Ohio,11071,129.485859,-80.7302645
Cathy Perez,78,200 Karen Run Apt. 217,Port Allenshire,Washington,57566,-146.889589,53.579485
Rebecca Rocha DDS,63,1609 Anthony Lane,South Anthony,Alaska,04052,176.296288,-77.9303895
Jacob Park,52,93092 Stein Village Suite 563,South Randallmouth,Minnesota,44480,-154.429828,-18.3668745
Phillip Pacheco,67,6213 Ethan Court,New Micheleburgh,Georgia,04625,39.571774,4.6111405
Michael Gould,52,6755 Sanford Port Suite 588,Port Kristenborough,Alabama,40947,-159.127341,30.922226
Daniel Norman,64,619 Brown Spring,Carlside,Arkansas,25403,-158.114709,-48.568250
Jessica Sullivan,18,9429 Joel Fall Suite 433,East Wanda,Alaska,45600,-114.904147,-31.5966275
Emily Anderson,30,446 Sanchez Station Apt. 799,Davidchester,Arkansas,60560,14.531022,52.0523425
Robert Roman,80,16755 Martinez Vista Suite 002,Emilyview,Arkansas,85113,84.702746,77.056898
Alexandra Smith,25,47105 Gardner Mills,Christophermouth,Michigan,46719,101.765742,35.416672
Desiree Ross,79,1672 Jessica Key,Shannonfort,Connecticut,67115,-161.742208,-13.1946955
Stephanie Mcknight,78,191 Leslie Loaf Apt. 958,New Amyhaven,Florida,52953,65.880036,-45.3291915
Robert Soto,80,8541 Terry Circle,Josephmouth,Iowa,96198,-171.625478,-16.792204
Michele Lindsey,59,490 Bailey Freeway Suite 931,Port Michael,Mississippi,77284,46.345355,-23.1904435
Katrina Johnson,28,8044 Stephanie Plain Apt. 114,Baileyhaven,Alabama,05327,-135.805594,66.171006
Paul Brooks,61,48160 Andrade Branch,Higginsborough,Connecticut,50017,105.115651,68.3226435
Alison Hill,31,0521 Cisneros Cliffs,Mcgeeport,New Mexico,64114,134.105038,22.1427545
John Preston,25,14920 Ortega Alley Suite 074,South Rachelfort,Oregon,83224,135.720232,-29.3551925
James Jimenez,44,9628 Mcguire Highway,Gonzalezchester,Maine,75495,-22.486447,-82.7221925
Bobby Clements,44,77642 Harvey Gardens,South Brandy,Florida,41150,-131.702001,86.709411
David Lewis,61,669 Sullivan Springs Apt. 450,Archertown,Hawaii,36399,24.940105,-39.2597285
Rebekah Serrano,78,9618 Joseph Lights Apt. 674,Kirkport,Maine,89679,6.403699,6.166586
Craig Mcdowell,30,25582 Lori Manors Apt. 434,South Mariabury,Alaska,55845,81.179461,-65.7973975
Rodney Anderson,58,206 Jared Center Apt. 797,Brownton,South Dakota,79606,124.900426,-77.494977
Andrew Lynch,55,2886 Jared Ford Suite 590,Aprilstad,Texas,70544,10.603050,42.830123
Robert Stone,43,093 Maria Trail Apt. 961,New Heatherchester,Missouri,59126,170.309897,57.209892
Carl Kim,58,288 Brandon Cliff,Jenkinsbury,Ohio,54034,-175.677856,-62.0857765
Jordan Barber,36,467 Hall Fields,Lake Mary,New Mexico,90414,17.403494,36.8390095
Erik Medina,40,1896 Benson River Suite 266,East Davidmouth,Florida,20531,21.801905,-43.608973
Jade Schaefer,19,63882 Clark Summit,Elizabethberg,Colorado,29759,28.861071,-73.164870
Angela Padilla,45,7931 Lopez Stream Suite 992,East David,Louisiana,97771,71.710748,-22.8181555
Cameron Harris,79,8740 Brianna Orchard Apt. 984,Hillshire,New Jersey,48190,74.081241,72.9655135
Larry Hernandez,55,072 Lopez Spring Suite 142,East Nicholasport,North Dakota,44500,31.450467,-83.8602795
Stacy Sutton,42,4670 Wright Drive,Johnsonville,Vermont,51154,-97.137941,83.3118205
Kristopher Johnson,23,81519 Jesse Ports Suite 474,North Gregoryborough,Missouri,52071,139.906303,-62.1343665
Marisa Moore,36,289 Nichole Forges,New Gary,Wisconsin,38774,-148.205811,57.5664045
Brian Velez,19,08599 Burgess Plains,Stewartport,Arizona,61962,117.174297,-89.922478
Charles Mueller,48,54180 Jeffrey Crossing Apt. 157,West Autumnmouth,New Hampshire,48383,34.155622,89.146213
Allen Campbell,75,3624 Kayla Springs Suite 330,Port Desireeburgh,Missouri,05029,96.710148,-34.598289
Katrina White,80,849 Brandon Pines,East Loribury,New Hampshire,60362,174.387913,12.9905285
Micheal Stephens,46,037 Hale Bypass Apt. 940,Port Vincent,Arizona,18177,-129.181911,64.602475
Jeffrey Gibson,38,34954 Pamela Highway Apt. 980,Tiffanyview,Pennsylvania,80836,150.314075,72.511290
Yolanda Blackburn,20,328 Brett Road,Millerport,New Hampshire,55748,-156.698017,19.169294
Brandon Thompson,23,17000 Lindsay Shoal Suite 537,East Nathanielport,Arkansas,11117,100.230987,-0.9829745
Elizabeth Schwartz,53,599 Wilson Landing Suite 344,Thomasberg,Missouri,56409,174.267151,28.752962
Dawn Martinez,72,046 Henderson Summit Suite 582,West Johnchester,Missouri,49506,-0.325018,57.5285905
Whitney Simon,33,08688 William Courts Suite 872,Jameschester,Wyoming,63710,-107.460599,-45.528714
Tyler Anderson,25,07976 Hernandez Club Apt. 462,North Garymouth,Utah,18298,-29.314251,81.171515
Erik Hall,58,4040 Hill Prairie Apt. 212,West Courtneyside,Utah,69107,-111.849297,-39.054231
Daniel Brown,33,88806 Francis Manors,West Maryhaven,California,25298,95.513111,44.385967
Jessica Meyers,38,87745 Jerry Plain,Markside,New Hampshire,43828,-9.438354,54.9468755
Allen Jones,49,5689 Sharon Crossroad Suite 564,Tinaland,Ohio,01156,47.703319,-54.440364
Wendy Joseph,30,835 Mckenzie Springs Suite 299,Ryanborough,Nebraska,02338,-92.314945,16.874203
Jennifer Maldonado,59,97962 Tonya Summit Suite 494,Staffordmouth,Tennessee,67316,127.943379,14.1459815
Sandra Mcdonald,41,0690 Rachel Plains Suite 367,Bellstad,Michigan,75214,-16.650669,-63.9510145
Erin Wagner,77,4250 Eric Plains,Mullinsfort,Tennessee,45246,-34.945431,-82.648929
Paul Kim,28,1179 Wang Square Suite 155,Lisafort,Minnesota,65206,-47.514121,5.674547
Donald Long,70,843 Taylor Gateway,West Connortown,Oklahoma,54179,162.795114,18.4742335
Justin Skinner,30,8689 Dennis Extension,Mcdonaldside,Maine,10491,148.793941,80.9633665
Jason Rodriguez,19,1294 Roger Keys,Nicolemouth,Florida,22851,-42.180778,-24.0933535
Richard Collins,72,19593 Karen Mall Suite 539,Olsonburgh,Florida,24242,169.492765,-10.7651505
Richard Charles,54,4405 Sanchez Mall,Elizabethberg,Idaho,79287,170.847712,3.261961
Brittany Lara,46,36505 Kim Loaf Suite 201,New Stephanieborough,Idaho,96417,152.930000,40.7981685
Ross Williams,67,7985 Campbell Parkway,West Stanley,Oregon,65724,43.562503,47.8894415
Melissa Douglas,63,47101 Campbell Forge Apt. 300,Lauramouth,Arkansas,28595,-7.683479,2.432335
Jessica Casey,74,2201 Jacqueline Burg,Jessicafurt,Wisconsin,12768,1.781180,-9.5576625
Thomas Alvarez,33,59468 Delgado Well,Mendozafurt,New Hampshire,44823,-162.230178,56.700272
Michelle Robertson,62,9105 Trujillo Spurs,Braunhaven,South Dakota,78495,14.714810,53.122006
Kimberly Harrison,34,07638 Robinson Rapid,Martinezland,Colorado,66795,147.067238,-38.0294075
Willie Hart,25,7594 Mercer Fall,South Laura,Iowa,65303,-140.547416,27.7810545
Sharon Pittman,21,33111 Wendy Park Suite 300,Annaton,Virginia,91862,154.256205,-54.6654395
Ricky Fox DDS,44,5459 Philip Crossroad,Markview,Nevada,80847,120.859564,-17.029977
Jacob Pierce,72,54723 Smith Crossing Apt. 772,Davisland,Alaska,30607,-38.693814,-52.5286215
Samantha Cohen,60,27543 White Inlet Apt. 963,New Robert,Washington,77646,58.334919,32.817480
Randy Nelson,69,253 Copeland Locks,Johnton,Maryland,16328,-124.587295,17.0670235
Richard Clark,77,6786 Simpson Station,West Michael,Mississippi,20839,-144.557750,10.4856065
Mary Graham,25,256 Lee Ridge,North Dominictown,Washington,46112,-28.612425,9.369036
Miss Anna Robinson,33,249 Hall Point,North Brucefort,Delaware,62888,-127.674139,27.565737
Rebecca Livingston,38,774 Lindsay Mill Apt. 774,Donaldberg,Alabama,57876,-64.911502,-23.6360065
Daniel Nolan,31,379 Paul Union,Blackport,New Jersey,27121,70.753563,61.7968675
Tracy Miller,51,9961 Marc Landing,Bradleyfort,Ohio,51626,3.374449,-73.562760
Ralph Hernandez,57,42211 Laura Road,East Jose,South Dakota,23302,156.493583,-40.152229
Derek Perry,57,3469 Alex Crossroad,North Adam,New Hampshire,86320,53.801837,-16.9509195
Alan Munoz,25,6554 Wayne Flat,Seanhaven,West Virginia,44960,-111.298258,-31.8382355
John Reed,54,3063 Henderson Plains Suite 556,New Jennifershire,North Carolina,82584,-11.209707,-48.2213595
Matthew Williams,25,65984 Sonya Field Suite 566,Johnmouth,New Jersey,38591,20.198670,-37.2467765
Taylor Thompson,31,6303 Walker Drive,East Patricia,Louisiana,03292,-154.951230,-57.587396
Lisa Mcclure,34,2238 Christina Islands Apt. 334,West Mark,California,32801,156.221020,-49.9237195
Angela Gonzalez,80,5232 Suarez Roads Apt. 432,Port Kathy,Wyoming,82402,-177.112167,53.0366545
Megan Jenkins,41,60331 Finley Drives,Jennifermouth,Oregon,27874,-36.432517,-45.5450185
Lauren Humphrey,76,203 Tim Forge Apt. 343,Lake Michele,Oklahoma,58095,-169.191335,23.924953
Rhonda Smith,20,1492 Carolyn Skyway Apt. 295,Lake Kelly,Mississippi,88967,-120.777988,-17.872154
Nathan Whitaker,55,66665 Garcia Station,North Thomas,Colorado,08434,84.643209,-75.9385105
Brian Munoz,30,78620 Torres Center Apt. 447,South Danielport,New York,92895,-118.746272,-48.973885
David Rocha,74,4122 Melendez Green,Port Richardburgh,Nevada,23239,-64.197903,29.621306
Stephen Gonzalez,21,5582 Lindsey Union Apt. 311,Frazierhaven,New Hampshire,81776,-178.161561,7.6505515
Joshua Nunez,59,9394 Dustin Locks,Scottmouth,Oklahoma,96217,62.190046,-63.2650625
Tony Bell,48,248 Wiggins Port Suite 625,North Michael,Montana,93450,116.938266,-69.2170035
Mrs. Michelle Williams,21,8047 Mccoy Islands,Cannonhaven,West Virginia,51168,71.284554,9.016923
Kenneth Davis,23,74118 Mcdonald Flat,South Lindaview,Connecticut,57496,-141.943859,-58.5694155
Brian Rivera,20,3849 Lisa Trail,Hessshire,Ohio,72266,-96.551425,19.7459105
Christina Johnson,56,4104 Wells Gateway Apt. 804,New Sharonborough,South Dakota,99582,-14.710774,-63.3389845
Dwayne Lewis,36,055 Jones Creek Suite 787,Port Michaelberg,Nevada,27972,52.382363,19.573998
Miguel Wilkins,61,7985 Alvarado Drive Suite 125,Underwoodchester,Indiana,48103,-125.810372,5.1441905
Erica Lozano,22,826 Chandler Lock,Anthonyside,Rhode Island,51059,-143.050509,-71.264711
Jose Mcclain,71,99285 Mendez Groves Suite 067,Dixonmouth,Delaware,00691,-108.882198,88.320290
Michelle Nelson,49,8971 Fletcher Underpass Apt. 917,North Patrick,Hawaii,53887,-8.584291,20.356968
Kristin Scott,35,7749 Monica Mews,Dawsonborough,Virginia,62594,56.151141,75.094048
Summer Franklin,45,95202 Erin Junctions,South Jackside,Alabama,80679,42.225488,-66.146295
Sharon Reed,66,34603 Smith Brook Apt. 432,Lake Danaland,New Jersey,34427,-12.049839,-19.4989335
Alejandro Hogan,36,52593 Joanna Roads Apt. 742,South Kristine,Mississippi,89087,-87.003879,-61.830900
Laura Clark,51,450 Kevin Lakes Apt. 393,North Kelly,Louisiana,28150,118.940421,64.884864
Stephen Williams,68,37565 Gross Terrace Apt. 304,East Christopher,Louisiana,51213,-167.127289,88.202211
Thomas Chaney,41,475 Carmen Crescent Suite 431,New Derek,New Jersey,74897,-33.318611,58.934384
Jimmy Allen,63,4463 Nancy Skyway,Taylorview,Kentucky,23129,109.736253,71.8196805
Jennifer Rodriguez,54,378 Mendez Corners,New Renee,California,03671,-173.784016,-16.1475005
Samantha Steele,30,8232 Taylor Turnpike Apt. 110,Matthewsmouth,Pennsylvania,49114,110.705290,-37.955632
Daniel Green,38,333 Riley Centers,Simmonsfurt,New Hampshire,96554,-139.932891,2.839465
Nicholas Chan,75,85361 Walters Divide Suite 587,North Judy,Virginia,28615,126.535871,-89.707403
Dylan Miller,67,57681 Wilcox Radial Apt. 641,New Richardchester,Maryland,49550,-118.855691,85.059072
Erica Sanchez,69,66958 Mckee Ranch,Tracyhaven,North Carolina,23735,178.924560,6.983899
Ruben Allen,56,2316 Charles Garden,Markland,West Virginia,94954,69.508476,33.4055725
Crystal Soto,76,586 Charles Heights Suite 244,North Phillip,New Jersey,56435,-8.622960,63.052566
Eric Todd,36,4751 Contreras Glen Apt. 307,Port Angelafurt,Oregon,80848,146.245926,-39.744906
Jean Johnston,37,4399 Rogers Causeway,Elizabethport,Pennsylvania,30699,128.828257,-35.6823085
James Johnson,50,7544 Myers Pike Apt. 338,Bakerfort,Pennsylvania,36553,179.654946,-56.496477
Courtney Henson,45,4101 Church Bridge,New Phillipside,South Dakota,13369,-105.370833,8.9747915
Katherine Burns,31,11168 Smith Point,Clarkville,Colorado,91445,-132.773436,-2.5836255
Kevin Padilla,60,256 Megan Village,Brownton,Connecticut,61954,116.409128,38.2590175
Brent Washington,72,992 Martin Village Suite 896,South Tiffany,New Mexico,57799,159.575221,-12.1023995
Samantha Rice,48,3790 Jerry Manors Apt. 417,Ericatown,North Dakota,38116,63.751838,-12.728320
Taylor Carpenter,69,4914 David Way Suite 285,West Ashley,Texas,12908,-30.493776,-12.822556
Alexis Mckenzie,30,750 Jesse Spurs Apt. 163,Joeville,Georgia,30161,-141.654992,-76.177271
Dennis Good,57,624 Victoria Place,Thomasport,New Hampshire,20428,62.027754,43.083772
